{
    "display": {
        "icon": {
            "item": "minecraft:potion"
        },
        "title": {"translate":"Potions Milestone"},
        "description": {"translate":"Complete every advancement in the Potions tab"},
		"frame": "goal"
    },
    "parent": "blazeandcave:bacap/nether_milestone",
	"rewards": {
		"experience": 500,
		"function": "bc_rewards:bacap/potion_milestone"
    },		
    "criteria": {
        "a_furious_cocktail": {
            "trigger": "minecraft:impossible"
        },
        "a_furious_test_subject": {
            "trigger": "minecraft:impossible"
        },
		"a_much_more_doable_challenge": {
            "trigger": "minecraft:impossible"
        },
		"a_weak_brew": {
            "trigger": "minecraft:impossible"
        },
		"death_by_magic": {
            "trigger": "minecraft:impossible"
        },
		"furious_ammunition": {
            "trigger": "minecraft:impossible"
        },
		"gas": {
            "trigger": "minecraft:impossible"
        },
		"hopping_mad": {
            "trigger": "minecraft:impossible"
        },
		"how_did_we_get_here": {
            "trigger": "minecraft:impossible"
        },
		"hyper_healing": {
            "trigger": "minecraft:impossible"
        },
		"i_need_healing": {
            "trigger": "minecraft:impossible"
        },
		"mad_scientist": {
            "trigger": "minecraft:impossible"
        },
		"marine_marauder": {
            "trigger": "minecraft:impossible"
        },
		"nocturnal": {
            "trigger": "minecraft:impossible"
        },
		"noxious_fumes": {
            "trigger": "minecraft:impossible"
        },
		"performance_enhancing_drugs": {
            "trigger": "minecraft:impossible"
        },
		"poison_dart": {
            "trigger": "minecraft:impossible"
        },
		"root": {
            "trigger": "minecraft:impossible"
        },
		"stayin_frosty": {
            "trigger": "minecraft:impossible"
        },
		"super_strength": {
            "trigger": "minecraft:impossible"
        },
		"tank": {
            "trigger": "minecraft:impossible"
        },
		"the_invisible_player": {
            "trigger": "minecraft:impossible"
        },
		"true_feather_falling": {
            "trigger": "minecraft:impossible"
        },
		"you_need_a_mint": {
            "trigger": "minecraft:impossible"
        },
		"zombie_doctor": {
            "trigger": "minecraft:impossible"
        }
    }
}