{
    "display": {
        "icon": {
            "item": "minecraft:honey_bottle",
			"nbt": "{Enchantments:[{id:\"minecraft:unbreaking\",lvl:1}]}"
        },
        "title": {"translate":"WHERE'S THE HONEY LEBOWSKI"},
        "description": {"translate":"Drink 100 bottles of honey"},
		"frame": "challenge"
    },
    "parent": "minecraft:adventure/honey_block_slide",
	"rewards": {
		"experience": 100,
		"function": "bc_rewards:animal/wheres_the_honey_lebowski"
    },		
    "criteria": {
        "ten_withers": {
            "trigger": "minecraft:impossible"
        }
    }
}