{
    "display": {
        "icon": {
            "item": "minecraft:dead_bush"
        },
        "title": {"translate":"Yay! Deadbush!"},
        "description": {"translate":"Get a deadbush cause you're a noob"}
    },
    "parent": "blazeandcave:animal/trimming_the_treetops",
	"rewards": {
		"function": "bc_rewards:animal/yay_deadbush"
    },		
    "criteria": {
        "dead_bush": {
            "trigger": "minecraft:inventory_changed",
            "conditions": {
                "items": [
                    {
                        "item": "minecraft:dead_bush"
                    }
                ]
            }
        }
    }
}