{
    "display": {
        "icon": {
            "item": "minecraft:elytra"
        },
        "title": {"translate":"Explorer of Worlds"},
        "description": {"translate":"Discover every biome including special biomes"},
        "frame": "challenge"
    },
    "parent": "minecraft:adventure/adventuring_time",	
    "rewards": {
        "experience": 1000,
		"function": "bc_rewards:biomes/explorer_of_worlds"
    },	
    "criteria": {
        "birch_forest_hills": {
            "trigger": "minecraft:location",
            "conditions": {
                "biome": "minecraft:birch_forest_hills"
            }
        },
        "river": {
            "trigger": "minecraft:location",
            "conditions": {
                "biome": "minecraft:river"
            }
        },
        "swampland": {
            "trigger": "minecraft:location",
            "conditions": {
                "biome": "minecraft:swamp"
            }
        },
        "desert": {
            "trigger": "minecraft:location",
            "conditions": {
                "biome": "minecraft:desert"
            }
        },
        "forest_hills": {
            "trigger": "minecraft:location",
            "conditions": {
                "biome": "minecraft:wooded_hills"
            }
        },
        "redwood_taiga_hills": {
            "trigger": "minecraft:location",
            "conditions": {
                "biome": "minecraft:giant_tree_taiga_hills"
            }
        },
        "taiga_cold": {
            "trigger": "minecraft:location",
            "conditions": {
                "biome": "minecraft:snowy_taiga"
            }
        },
        "mesa": {
            "trigger": "minecraft:location",
            "conditions": {
                "biome": "minecraft:badlands"
            }
        },
        "forest": {
            "trigger": "minecraft:location",
            "conditions": {
                "biome": "minecraft:forest"
            }
        },
        "stone_beach": {
            "trigger": "minecraft:location",
            "conditions": {
                "biome": "minecraft:stone_shore"
            }
        },
        "ice_flats": {
            "trigger": "minecraft:location",
            "conditions": {
                "biome": "minecraft:snowy_tundra"
            }
        },
        "taiga_hills": {
            "trigger": "minecraft:location",
            "conditions": {
                "biome": "minecraft:taiga_hills"
            }
        },
        "ice_mountains": {
            "trigger": "minecraft:location",
            "conditions": {
                "biome": "minecraft:snowy_mountains"
            }
        },
        "mesa_rock": {
            "trigger": "minecraft:location",
            "conditions": {
                "biome": "minecraft:wooded_badlands_plateau"
            }
        },
        "savanna": {
            "trigger": "minecraft:location",
            "conditions": {
                "biome": "minecraft:savanna"
            }
        },
        "plains": {
            "trigger": "minecraft:location",
            "conditions": {
                "biome": "minecraft:plains"
            }
        },
        "frozen_river": {
            "trigger": "minecraft:location",
            "conditions": {
                "biome": "minecraft:frozen_river"
            }
        },
        "redwood_taiga": {
            "trigger": "minecraft:location",
            "conditions": {
                "biome": "minecraft:giant_tree_taiga"
            }
        },
        "cold_beach": {
            "trigger": "minecraft:location",
            "conditions": {
                "biome": "minecraft:snowy_beach"
            }
        },
        "deep_ocean": {
            "trigger": "minecraft:location",
            "conditions": {
                "biome": "minecraft:deep_ocean"
            }
        },
        "jungle_hills": {
            "trigger": "minecraft:location",
            "conditions": {
                "biome": "minecraft:jungle_hills"
            }
        },
        "jungle_edge": {
            "trigger": "minecraft:location",
            "conditions": {
                "biome": "minecraft:jungle_edge"
            }
        },
        "ocean": {
            "trigger": "minecraft:location",
            "conditions": {
                "biome": "minecraft:ocean"
            }
        },
        "mushroom_island_shore": {
            "trigger": "minecraft:location",
            "conditions": {
                "biome": "minecraft:mushroom_field_shore"
            }
        },
        "extreme_hills": {
            "trigger": "minecraft:location",
            "conditions": {
                "biome": "minecraft:mountains"
            }
        },
        "desert_hills": {
            "trigger": "minecraft:location",
            "conditions": {
                "biome": "minecraft:desert_hills"
            }
        },
        "jungle": {
            "trigger": "minecraft:location",
            "conditions": {
                "biome": "minecraft:jungle"
            }
        },
        "beaches": {
            "trigger": "minecraft:location",
            "conditions": {
                "biome": "minecraft:beach"
            }
        },
        "savanna_rock": {
            "trigger": "minecraft:location",
            "conditions": {
                "biome": "minecraft:savanna_plateau"
            }
        },
        "taiga_cold_hills": {
            "trigger": "minecraft:location",
            "conditions": {
                "biome": "minecraft:snowy_taiga_hills"
            }
        },
        "mesa_clear_rock": {
            "trigger": "minecraft:location",
            "conditions": {
                "biome": "minecraft:badlands_plateau"
            }
        },
        "roofed_forest": {
            "trigger": "minecraft:location",
            "conditions": {
                "biome": "minecraft:dark_forest"
            }
        },
        "taiga": {
            "trigger": "minecraft:location",
            "conditions": {
                "biome": "minecraft:taiga"
            }
        },
        "birch_forest": {
            "trigger": "minecraft:location",
            "conditions": {
                "biome": "minecraft:birch_forest"
            }
        },
        "mushroom_island": {
            "trigger": "minecraft:location",
            "conditions": {
                "biome": "minecraft:mushroom_fields"
            }
        },
        "extreme_hills_with_trees": {
            "trigger": "minecraft:location",
            "conditions": {
                "biome": "minecraft:wooded_mountains"
            }
        },
        "cold_ocean": {
            "trigger": "minecraft:location",
            "conditions": {
                "biome": "minecraft:cold_ocean"
            }
        },
        "warm_ocean": {
            "trigger": "minecraft:location",
            "conditions": {
                "biome": "minecraft:warm_ocean"
            }
        },
        "lukewarm_ocean": {
            "trigger": "minecraft:location",
            "conditions": {
                "biome": "minecraft:lukewarm_ocean"
            }
        },
        "frozen_ocean": {
            "trigger": "minecraft:location",
            "conditions": {
                "biome": "minecraft:frozen_ocean"
            }
        },
        "frozen_deep_ocean": {
            "trigger": "minecraft:location",
            "conditions": {
                "biome": "minecraft:deep_frozen_ocean"
            }
        },
        "lukewarm_deep_ocean": {
            "trigger": "minecraft:location",
            "conditions": {
                "biome": "minecraft:deep_lukewarm_ocean"
            }
        },
        "cold_deep_ocean": {
            "trigger": "minecraft:location",
            "conditions": {
                "biome": "minecraft:deep_cold_ocean"
            }
        },
        "mutated_plains": {
            "trigger": "minecraft:location",
            "conditions": {
                "biome": "minecraft:sunflower_plains"
            }
        },
        "mutated_desert": {
            "trigger": "minecraft:location",
            "conditions": {
                "biome": "minecraft:desert_lakes"
            }
        },
        "mutated_extreme_hills": {
            "trigger": "minecraft:location",
            "conditions": {
                "biome": "minecraft:gravelly_mountains"
            }
        },
        "mutated_forest": {
            "trigger": "minecraft:location",
            "conditions": {
                "biome": "minecraft:flower_forest"
            }
        },
        "mutated_taiga": {
            "trigger": "minecraft:location",
            "conditions": {
                "biome": "minecraft:taiga_mountains"
            }
        },
        "mutated_swampland": {
            "trigger": "minecraft:location",
            "conditions": {
                "biome": "minecraft:swamp_hills"
            }
        },
        "mutated_ice_flats": {
            "trigger": "minecraft:location",
            "conditions": {
                "biome": "minecraft:ice_spikes"
            }
        },
        "mutated_jungle": {
            "trigger": "minecraft:location",
            "conditions": {
                "biome": "minecraft:modified_jungle"
            }
        },
        "mutated_jungle_edge": {
            "trigger": "minecraft:location",
            "conditions": {
                "biome": "minecraft:modified_jungle_edge"
            }
        },
        "mutated_birch_forest": {
            "trigger": "minecraft:location",
            "conditions": {
                "biome": "minecraft:tall_birch_forest"
            }
        },
        "mutated_birch_forest_hills": {
            "trigger": "minecraft:location",
            "conditions": {
                "biome": "minecraft:tall_birch_hills"
            }
        },
        "mutated_roofed_forest": {
            "trigger": "minecraft:location",
            "conditions": {
                "biome": "minecraft:dark_forest_hills"
            }
        },
        "mutated_taiga_cold": {
            "trigger": "minecraft:location",
            "conditions": {
                "biome": "minecraft:snowy_taiga_mountains"
            }
        },
        "mutated_redwood_taiga": {
            "trigger": "minecraft:location",
            "conditions": {
                "biome": "minecraft:giant_spruce_taiga"
            }
        },
        "mutated_redwood_taiga_hills": {
            "trigger": "minecraft:location",
            "conditions": {
                "biome": "minecraft:giant_spruce_taiga_hills"
            }
        },
        "mutated_extreme_hills_with_trees": {
            "trigger": "minecraft:location",
            "conditions": {
                "biome": "minecraft:modified_gravelly_mountains"
            }
        },
        "mutated_savanna": {
            "trigger": "minecraft:location",
            "conditions": {
                "biome": "minecraft:shattered_savanna"
            }
        },
        "mutated_savanna_rock": {
            "trigger": "minecraft:location",
            "conditions": {
                "biome": "minecraft:shattered_savanna_plateau"
            }
        },
        "mutated_mesa": {
            "trigger": "minecraft:location",
            "conditions": {
                "biome": "minecraft:eroded_badlands"
            }
        },
        "mutated_mesa_rock": {
            "trigger": "minecraft:location",
            "conditions": {
                "biome": "minecraft:modified_wooded_badlands_plateau"
            }
        },
        "mutated_mesa_clear_rock": {
            "trigger": "minecraft:location",
            "conditions": {
                "biome": "minecraft:modified_badlands_plateau"
            }
        },
        "bamboo_jungle": {
            "trigger": "minecraft:location",
            "conditions": {
                "biome": "minecraft:bamboo_jungle"
            }
        },
        "bamboo_jungle_hills": {
            "trigger": "minecraft:location",
            "conditions": {
                "biome": "minecraft:bamboo_jungle_hills"
            }
        }
    }
}