{
    "display": {
        "icon": {
            "item": "minecraft:lever"
        },
        "title": {"translate":"Baby, baby, baby noo!!"},
        "description": {"translate":"Kill one of each of a baby zombie, zombie villager, husk, drowned and zombie pigman"},
		"frame": "goal"
    },
    "parent": "blazeandcave:combat/ooh_baby",
    "rewards": {
        "function": "bc_rewards:combat/baby_baby_baby_noo",
		"experience": 50
    },		
    "criteria": {
        "zombie": {
            "trigger": "minecraft:player_killed_entity",
            "conditions": {
                "entity": {
                    "type": "zombie",
					"nbt": "{IsBaby:1b}"
                }
            }
        },
        "zombie_villager": {
            "trigger": "minecraft:player_killed_entity",
            "conditions": {
                "entity": {
                    "type": "zombie_villager",
					"nbt": "{IsBaby:1b}"
                }
            }
        },
        "husk": {
            "trigger": "minecraft:player_killed_entity",
            "conditions": {
                "entity": {
                    "type": "husk",
					"nbt": "{IsBaby:1b}"
                }
            }
        },
        "zombie_pigman": {
            "trigger": "minecraft:player_killed_entity",
            "conditions": {
                "entity": {
                    "type": "zombie_pigman",
					"nbt": "{IsBaby:1b}"
                }
            }
        },
		"drowned": {
            "trigger": "minecraft:player_killed_entity",
            "conditions": {
                "entity": {
                    "type": "drowned",
					"nbt": "{IsBaby:1b}"
                }
            }
        }
    }
}