{
    "display": {
        "icon": {
            "item": "minecraft:nautilus_shell"
        },
        "title": {"translate":"Mollusc Man"},
        "description": {"translate":"Defeat a Drowned holding a nautilus shell"},
		"frame": "goal"
    },
    "parent": "blazeandcave:combat/a_watery_grave",
    "rewards": {
        "function": "bc_rewards:combat/mollusc_man"
    },		
    "criteria": {
        "drowned": {
            "trigger": "minecraft:player_killed_entity",
            "conditions": {
                "entity": {
                    "type": "drowned",
					"nbt": "{HandItems:[{},{id:\"minecraft:nautilus_shell\",Count:1b}]}"
                }
            }
        }
    }
}