{
    "display": {
        "icon": {
            "item": "minecraft:paper"
        },
        "title": {"translate":"Ooh, Baby!"},
        "description": {"translate":"Kill a baby zombie"}
    },
    "parent": "blazeandcave:combat/dead_dont_die",
    "rewards": {
        "function": "bc_rewards:combat/ooh_baby"
    },		
    "criteria": {
        "zombie": {
            "trigger": "minecraft:player_killed_entity",
            "conditions": {
                "entity": {
                    "type": "zombie",
					"nbt": "{IsBaby:1b}"
                }
            }
        },
        "zombie_villager": {
            "trigger": "minecraft:player_killed_entity",
            "conditions": {
                "entity": {
                    "type": "zombie_villager",
					"nbt": "{IsBaby:1b}"
                }
            }
        },
        "husk": {
            "trigger": "minecraft:player_killed_entity",
            "conditions": {
                "entity": {
                    "type": "husk",
					"nbt": "{IsBaby:1b}"
                }
            }
        },
        "zombie_pigman": {
            "trigger": "minecraft:player_killed_entity",
            "conditions": {
                "entity": {
                    "type": "zombie_pigman",
					"nbt": "{IsBaby:1b}"
                }
            }
        },
		"drowned": {
            "trigger": "minecraft:player_killed_entity",
            "conditions": {
                "entity": {
                    "type": "drowned",
					"nbt": "{IsBaby:1b}"
                }
            }
        }
    },
	"requirements": [
		[
		"zombie",
		"zombie_villager",
		"husk",
		"zombie_pigman",
		"drowned"
		]
	]
}