{
    "display": {
        "icon": {
            "item": "minecraft:conduit"
        },
        "title": {"translate":"Abyss Lord"},
        "description": {"translate":"Obtain a stack of Conduits"},
		"frame": "challenge"
    },
    "parent": "blazeandcave:challenges/immortal",
	"rewards": {
		"experience": 500,
		"function": "bc_rewards:challenges/abyss_lord"
    },		
    "criteria": {
        "conduit": {
            "trigger": "minecraft:inventory_changed",
            "conditions": {
                "items": [
                    {
                        "item": "minecraft:conduit",
						"count": 64
                    }
                ]
            }
        }
    }
}