{
    "display": {
        "icon": {
            "item": "minecraft:glowstone_dust"
        },
        "title": {"translate":"All the Items!"},
        "description": {"translate":"Obtain all the items!"},
		"frame": "challenge"
    },
    "parent": "blazeandcave:challenges/all_the_blocks",
    "rewards": {
        "experience": 200,
		"function": "bc_rewards:challenges/all_the_items"
    },		
    "criteria": {
        "acacia_boat": {
            "trigger": "minecraft:inventory_changed",
            "conditions": {
                "items": [
                    {
                        "item": "minecraft:acacia_boat"
                    }
                ]
            }
        },
        "armor_stand": {
            "trigger": "minecraft:inventory_changed",
            "conditions": {
                "items": [
                    {
                        "item": "minecraft:armor_stand"
                    }
                ]
            }
        },
        "beetroot_seeds": {
            "trigger": "minecraft:inventory_changed",
            "conditions": {
                "items": [
                    {
                        "item": "minecraft:beetroot_seeds"
                    }
                ]
            }
        },
        "birch_boat": {
            "trigger": "minecraft:inventory_changed",
            "conditions": {
                "items": [
                    {
                        "item": "minecraft:birch_boat"
                    }
                ]
            }
        },
        "experience_bottle": {
            "trigger": "minecraft:inventory_changed",
            "conditions": {
                "items": [
                    {
                        "item": "minecraft:experience_bottle"
                    }
                ]
            }
        },
        "bucket": {
            "trigger": "minecraft:inventory_changed",
            "conditions": {
                "items": [
                    {
                        "item": "minecraft:bucket"
                    }
                ]
            }
        },
        "cod_bucket": {
            "trigger": "minecraft:inventory_changed",
            "conditions": {
                "items": [
                    {
                        "item": "minecraft:cod_bucket"
                    }
                ]
            }
        },
        "pufferfish_bucket": {
            "trigger": "minecraft:inventory_changed",
            "conditions": {
                "items": [
                    {
                        "item": "minecraft:pufferfish_bucket"
                    }
                ]
            }
        },
        "salmon_bucket": {
            "trigger": "minecraft:inventory_changed",
            "conditions": {
                "items": [
                    {
                        "item": "minecraft:salmon_bucket"
                    }
                ]
            }
        },
        "tropical_fish_bucket": {
            "trigger": "minecraft:inventory_changed",
            "conditions": {
                "items": [
                    {
                        "item": "minecraft:tropical_fish_bucket"
                    }
                ]
            }
        },
        "carrot": {
            "trigger": "minecraft:inventory_changed",
            "conditions": {
                "items": [
                    {
                        "item": "minecraft:carrot"
                    }
                ]
            }
        },
        "cocoa_beans": {
            "trigger": "minecraft:inventory_changed",
            "conditions": {
                "items": [
                    {
                        "item": "minecraft:cocoa_beans"
                    }
                ]
            }
        },
        "dark_oak_boat": {
            "trigger": "minecraft:inventory_changed",
            "conditions": {
                "items": [
                    {
                        "item": "minecraft:dark_oak_boat"
                    }
                ]
            }
        },
        "egg": {
            "trigger": "minecraft:inventory_changed",
            "conditions": {
                "items": [
                    {
                        "item": "minecraft:egg"
                    }
                ]
            }
        },
        "ender_pearl": {
            "trigger": "minecraft:inventory_changed",
            "conditions": {
                "items": [
                    {
                        "item": "minecraft:ender_pearl"
                    }
                ]
            }
        },
        "end_crystal": {
            "trigger": "minecraft:inventory_changed",
            "conditions": {
                "items": [
                    {
                        "item": "minecraft:end_crystal"
                    }
                ]
            }
        },
        "ender_eye": {
            "trigger": "minecraft:inventory_changed",
            "conditions": {
                "items": [
                    {
                        "item": "minecraft:ender_eye"
                    }
                ]
            }
        },
        "firework_rocket": {
            "trigger": "minecraft:inventory_changed",
            "conditions": {
                "items": [
                    {
                        "item": "minecraft:firework_rocket"
                    }
                ]
            }
        },
        "fire_charge": {
            "trigger": "minecraft:inventory_changed",
            "conditions": {
                "items": [
                    {
                        "item": "minecraft:fire_charge"
                    }
                ]
            }
        },
        "item_frame": {
            "trigger": "minecraft:inventory_changed",
            "conditions": {
                "items": [
                    {
                        "item": "minecraft:item_frame"
                    }
                ]
            }
        },
        "jungle_boat": {
            "trigger": "minecraft:inventory_changed",
            "conditions": {
                "items": [
                    {
                        "item": "minecraft:jungle_boat"
                    }
                ]
            }
        },
        "kelp": {
            "trigger": "minecraft:inventory_changed",
            "conditions": {
                "items": [
                    {
                        "item": "minecraft:kelp"
                    }
                ]
            }
        },
        "lava_bucket": {
            "trigger": "minecraft:inventory_changed",
            "conditions": {
                "items": [
                    {
                        "item": "minecraft:lava_bucket"
                    }
                ]
            }
        },
        "lead": {
            "trigger": "minecraft:inventory_changed",
            "conditions": {
                "items": [
                    {
                        "item": "minecraft:lead"
                    }
                ]
            }
        },
        "lingering_potion": {
            "trigger": "minecraft:inventory_changed",
            "conditions": {
                "items": [
                    {
                        "item": "minecraft:lingering_potion"
                    }
                ]
            }
        },
        "melon_seeds": {
            "trigger": "minecraft:inventory_changed",
            "conditions": {
                "items": [
                    {
                        "item": "minecraft:melon_seeds"
                    }
                ]
            }
        },
        "minecart": {
            "trigger": "minecraft:inventory_changed",
            "conditions": {
                "items": [
                    {
                        "item": "minecraft:minecart"
                    }
                ]
            }
        },
        "chest_minecart": {
            "trigger": "minecraft:inventory_changed",
            "conditions": {
                "items": [
                    {
                        "item": "minecraft:chest_minecart"
                    }
                ]
            }
        },
        "furnace_minecart": {
            "trigger": "minecraft:inventory_changed",
            "conditions": {
                "items": [
                    {
                        "item": "minecraft:furnace_minecart"
                    }
                ]
            }
        },
        "hopper_minecart": {
            "trigger": "minecraft:inventory_changed",
            "conditions": {
                "items": [
                    {
                        "item": "minecraft:hopper_minecart"
                    }
                ]
            }
        },
        "tnt_minecart": {
            "trigger": "minecraft:inventory_changed",
            "conditions": {
                "items": [
                    {
                        "item": "minecraft:tnt_minecart"
                    }
                ]
            }
        },
        "nether_wart": {
            "trigger": "minecraft:inventory_changed",
            "conditions": {
                "items": [
                    {
                        "item": "minecraft:nether_wart"
                    }
                ]
            }
        },
        "oak_boat": {
            "trigger": "minecraft:inventory_changed",
            "conditions": {
                "items": [
                    {
                        "item": "minecraft:oak_boat"
                    }
                ]
            }
        },
        "painting": {
            "trigger": "minecraft:inventory_changed",
            "conditions": {
                "items": [
                    {
                        "item": "minecraft:painting"
                    }
                ]
            }
        },
        "potato": {
            "trigger": "minecraft:inventory_changed",
            "conditions": {
                "items": [
                    {
                        "item": "minecraft:potato"
                    }
                ]
            }
        },
        "pumpkin_seeds": {
            "trigger": "minecraft:inventory_changed",
            "conditions": {
                "items": [
                    {
                        "item": "minecraft:pumpkin_seeds"
                    }
                ]
            }
        },
        "redstone": {
            "trigger": "minecraft:inventory_changed",
            "conditions": {
                "items": [
                    {
                        "item": "minecraft:redstone"
                    }
                ]
            }
        },
        "snowball": {
            "trigger": "minecraft:inventory_changed",
            "conditions": {
                "items": [
                    {
                        "item": "minecraft:snowball"
                    }
                ]
            }
        },
        "splash_potion": {
            "trigger": "minecraft:inventory_changed",
            "conditions": {
                "items": [
                    {
                        "item": "minecraft:splash_potion"
                    }
                ]
            }
        },
        "spruce_boat": {
            "trigger": "minecraft:inventory_changed",
            "conditions": {
                "items": [
                    {
                        "item": "minecraft:spruce_boat"
                    }
                ]
            }
        },
        "string": {
            "trigger": "minecraft:inventory_changed",
            "conditions": {
                "items": [
                    {
                        "item": "minecraft:string"
                    }
                ]
            }
        },
        "sugar_cane": {
            "trigger": "minecraft:inventory_changed",
            "conditions": {
                "items": [
                    {
                        "item": "minecraft:sugar_cane"
                    }
                ]
            }
        },
        "sweet_berries": {
            "trigger": "minecraft:inventory_changed",
            "conditions": {
                "items": [
                    {
                        "item": "minecraft:sweet_berries"
                    }
                ]
            }
        },
        "trident": {
            "trigger": "minecraft:inventory_changed",
            "conditions": {
                "items": [
                    {
                        "item": "minecraft:trident"
                    }
                ]
            }
        },
        "water_bucket": {
            "trigger": "minecraft:inventory_changed",
            "conditions": {
                "items": [
                    {
                        "item": "minecraft:water_bucket"
                    }
                ]
            }
        },
        "wheat_seeds": {
            "trigger": "minecraft:inventory_changed",
            "conditions": {
                "items": [
                    {
                        "item": "minecraft:wheat_seeds"
                    }
                ]
            }
        },
        "apple": {
            "trigger": "minecraft:inventory_changed",
            "conditions": {
                "items": [
                    {
                        "item": "minecraft:apple"
                    }
                ]
            }
        },
        "arrow": {
            "trigger": "minecraft:inventory_changed",
            "conditions": {
                "items": [
                    {
                        "item": "minecraft:arrow"
                    }
                ]
            }
        },
        "baked_potato": {
            "trigger": "minecraft:inventory_changed",
            "conditions": {
                "items": [
                    {
                        "item": "minecraft:baked_potato"
                    }
                ]
            }
        },
        "beetroot_soup": {
            "trigger": "minecraft:inventory_changed",
            "conditions": {
                "items": [
                    {
                        "item": "minecraft:beetroot_soup"
                    }
                ]
            }
        },
        "beetroot": {
            "trigger": "minecraft:inventory_changed",
            "conditions": {
                "items": [
                    {
                        "item": "minecraft:beetroot"
                    }
                ]
            }
        },
        "black_dye": {
            "trigger": "minecraft:inventory_changed",
            "conditions": {
                "items": [
                    {
                        "item": "minecraft:black_dye"
                    }
                ]
            }
        },
        "blue_dye": {
            "trigger": "minecraft:inventory_changed",
            "conditions": {
                "items": [
                    {
                        "item": "minecraft:blue_dye"
                    }
                ]
            }
        },
        "bone": {
            "trigger": "minecraft:inventory_changed",
            "conditions": {
                "items": [
                    {
                        "item": "minecraft:bone"
                    }
                ]
            }
        },
        "bone_meal": {
            "trigger": "minecraft:inventory_changed",
            "conditions": {
                "items": [
                    {
                        "item": "minecraft:bone_meal"
                    }
                ]
            }
        },
        "writable_book": {
            "trigger": "minecraft:inventory_changed",
            "conditions": {
                "items": [
                    {
                        "item": "minecraft:writable_book"
                    }
                ]
            }
        },
        "bow": {
            "trigger": "minecraft:inventory_changed",
            "conditions": {
                "items": [
                    {
                        "item": "minecraft:bow"
                    }
                ]
            }
        },
        "bowl": {
            "trigger": "minecraft:inventory_changed",
            "conditions": {
                "items": [
                    {
                        "item": "minecraft:bowl"
                    }
                ]
            }
        },
        "bread": {
            "trigger": "minecraft:inventory_changed",
            "conditions": {
                "items": [
                    {
                        "item": "minecraft:bread"
                    }
                ]
            }
        },
        "brown_dye": {
            "trigger": "minecraft:inventory_changed",
            "conditions": {
                "items": [
                    {
                        "item": "minecraft:brown_dye"
                    }
                ]
            }
        },
        "carrot_on_a_stick": {
            "trigger": "minecraft:inventory_changed",
            "conditions": {
                "items": [
                    {
                        "item": "minecraft:carrot_on_a_stick"
                    }
                ]
            }
        },
        "chainmail_boots": {
            "trigger": "minecraft:inventory_changed",
            "conditions": {
                "items": [
                    {
                        "item": "minecraft:chainmail_boots"
                    }
                ]
            }
        },
        "chainmail_chestplate": {
            "trigger": "minecraft:inventory_changed",
            "conditions": {
                "items": [
                    {
                        "item": "minecraft:chainmail_chestplate"
                    }
                ]
            }
        },
        "chainmail_helmet": {
            "trigger": "minecraft:inventory_changed",
            "conditions": {
                "items": [
                    {
                        "item": "minecraft:chainmail_helmet"
                    }
                ]
            }
        },
        "chainmail_leggings": {
            "trigger": "minecraft:inventory_changed",
            "conditions": {
                "items": [
                    {
                        "item": "minecraft:chainmail_leggings"
                    }
                ]
            }
        },
        "charcoal": {
            "trigger": "minecraft:inventory_changed",
            "conditions": {
                "items": [
                    {
                        "item": "minecraft:charcoal"
                    }
                ]
            }
        },
        "chorus_fruit": {
            "trigger": "minecraft:inventory_changed",
            "conditions": {
                "items": [
                    {
                        "item": "minecraft:chorus_fruit"
                    }
                ]
            }
        },
        "coal": {
            "trigger": "minecraft:inventory_changed",
            "conditions": {
                "items": [
                    {
                        "item": "minecraft:coal"
                    }
                ]
            }
        },
        "cooked_chicken": {
            "trigger": "minecraft:inventory_changed",
            "conditions": {
                "items": [
                    {
                        "item": "minecraft:cooked_chicken"
                    }
                ]
            }
        },
        "cooked_cod": {
            "trigger": "minecraft:inventory_changed",
            "conditions": {
                "items": [
                    {
                        "item": "minecraft:cooked_cod"
                    }
                ]
            }
        },
        "cooked_mutton": {
            "trigger": "minecraft:inventory_changed",
            "conditions": {
                "items": [
                    {
                        "item": "minecraft:cooked_mutton"
                    }
                ]
            }
        },
        "cooked_porkchop": {
            "trigger": "minecraft:inventory_changed",
            "conditions": {
                "items": [
                    {
                        "item": "minecraft:cooked_porkchop"
                    }
                ]
            }
        },
        "cooked_rabbit": {
            "trigger": "minecraft:inventory_changed",
            "conditions": {
                "items": [
                    {
                        "item": "minecraft:cooked_rabbit"
                    }
                ]
            }
        },
        "cooked_salmon": {
            "trigger": "minecraft:inventory_changed",
            "conditions": {
                "items": [
                    {
                        "item": "minecraft:cooked_salmon"
                    }
                ]
            }
        },
        "cookie": {
            "trigger": "minecraft:inventory_changed",
            "conditions": {
                "items": [
                    {
                        "item": "minecraft:cookie"
                    }
                ]
            }
        },
        "crossbow": {
            "trigger": "minecraft:inventory_changed",
            "conditions": {
                "items": [
                    {
                        "item": "minecraft:crossbow"
                    }
                ]
            }
        },
        "cyan_dye": {
            "trigger": "minecraft:inventory_changed",
            "conditions": {
                "items": [
                    {
                        "item": "minecraft:cyan_dye"
                    }
                ]
            }
        },
        "diamond_axe": {
            "trigger": "minecraft:inventory_changed",
            "conditions": {
                "items": [
                    {
                        "item": "minecraft:diamond_axe"
                    }
                ]
            }
        },
        "diamond_boots": {
            "trigger": "minecraft:inventory_changed",
            "conditions": {
                "items": [
                    {
                        "item": "minecraft:diamond_boots"
                    }
                ]
            }
        },
        "diamond_chestplate": {
            "trigger": "minecraft:inventory_changed",
            "conditions": {
                "items": [
                    {
                        "item": "minecraft:diamond_chestplate"
                    }
                ]
            }
        },
        "diamond_helmet": {
            "trigger": "minecraft:inventory_changed",
            "conditions": {
                "items": [
                    {
                        "item": "minecraft:diamond_helmet"
                    }
                ]
            }
        },
        "diamond_hoe": {
            "trigger": "minecraft:inventory_changed",
            "conditions": {
                "items": [
                    {
                        "item": "minecraft:diamond_hoe"
                    }
                ]
            }
        },
        "diamond_horse_armor": {
            "trigger": "minecraft:inventory_changed",
            "conditions": {
                "items": [
                    {
                        "item": "minecraft:diamond_horse_armor"
                    }
                ]
            }
        },
        "diamond_leggings": {
            "trigger": "minecraft:inventory_changed",
            "conditions": {
                "items": [
                    {
                        "item": "minecraft:diamond_leggings"
                    }
                ]
            }
        },
        "diamond_pickaxe": {
            "trigger": "minecraft:inventory_changed",
            "conditions": {
                "items": [
                    {
                        "item": "minecraft:diamond_pickaxe"
                    }
                ]
            }
        },
        "diamond_shovel": {
            "trigger": "minecraft:inventory_changed",
            "conditions": {
                "items": [
                    {
                        "item": "minecraft:diamond_shovel"
                    }
                ]
            }
        },
        "diamond_sword": {
            "trigger": "minecraft:inventory_changed",
            "conditions": {
                "items": [
                    {
                        "item": "minecraft:diamond_sword"
                    }
                ]
            }
        },
        "dried_kelp": {
            "trigger": "minecraft:inventory_changed",
            "conditions": {
                "items": [
                    {
                        "item": "minecraft:dried_kelp"
                    }
                ]
            }
        },
        "map": {
            "trigger": "minecraft:inventory_changed",
            "conditions": {
                "items": [
                    {
                        "item": "minecraft:map"
                    }
                ]
            }
        },
        "enchanted_book": {
            "trigger": "minecraft:inventory_changed",
            "conditions": {
                "items": [
                    {
                        "item": "minecraft:enchanted_book"
                    }
                ]
            }
        },
        "enchanted_golden_apple": {
            "trigger": "minecraft:inventory_changed",
            "conditions": {
                "items": [
                    {
                        "item": "minecraft:enchanted_golden_apple"
                    }
                ]
            }
        },
        "filled_map": {
            "trigger": "minecraft:inventory_changed",
            "conditions": {
                "items": [
                    {
                        "item": "minecraft:filled_map"
                    }
                ]
            }
        },
        "fishing_rod": {
            "trigger": "minecraft:inventory_changed",
            "conditions": {
                "items": [
                    {
                        "item": "minecraft:fishing_rod"
                    }
                ]
            }
        },
        "glass_bottle": {
            "trigger": "minecraft:inventory_changed",
            "conditions": {
                "items": [
                    {
                        "item": "minecraft:glass_bottle"
                    }
                ]
            }
        },
        "golden_apple": {
            "trigger": "minecraft:inventory_changed",
            "conditions": {
                "items": [
                    {
                        "item": "minecraft:golden_apple"
                    }
                ]
            }
        },
        "golden_axe": {
            "trigger": "minecraft:inventory_changed",
            "conditions": {
                "items": [
                    {
                        "item": "minecraft:golden_axe"
                    }
                ]
            }
        },
        "golden_boots": {
            "trigger": "minecraft:inventory_changed",
            "conditions": {
                "items": [
                    {
                        "item": "minecraft:golden_boots"
                    }
                ]
            }
        },
        "golden_carrot": {
            "trigger": "minecraft:inventory_changed",
            "conditions": {
                "items": [
                    {
                        "item": "minecraft:golden_carrot"
                    }
                ]
            }
        },		
        "golden_chestplate": {
            "trigger": "minecraft:inventory_changed",
            "conditions": {
                "items": [
                    {
                        "item": "minecraft:golden_chestplate"
                    }
                ]
            }
        },
        "golden_helmet": {
            "trigger": "minecraft:inventory_changed",
            "conditions": {
                "items": [
                    {
                        "item": "minecraft:golden_helmet"
                    }
                ]
            }
        },
        "golden_hoe": {
            "trigger": "minecraft:inventory_changed",
            "conditions": {
                "items": [
                    {
                        "item": "minecraft:golden_hoe"
                    }
                ]
            }
        },
        "golden_horse_armor": {
            "trigger": "minecraft:inventory_changed",
            "conditions": {
                "items": [
                    {
                        "item": "minecraft:golden_horse_armor"
                    }
                ]
            }
        },
        "golden_leggings": {
            "trigger": "minecraft:inventory_changed",
            "conditions": {
                "items": [
                    {
                        "item": "minecraft:golden_leggings"
                    }
                ]
            }
        },
        "golden_pickaxe": {
            "trigger": "minecraft:inventory_changed",
            "conditions": {
                "items": [
                    {
                        "item": "minecraft:golden_pickaxe"
                    }
                ]
            }
        },
        "golden_shovel": {
            "trigger": "minecraft:inventory_changed",
            "conditions": {
                "items": [
                    {
                        "item": "minecraft:golden_shovel"
                    }
                ]
            }
        },
        "golden_sword": {
            "trigger": "minecraft:inventory_changed",
            "conditions": {
                "items": [
                    {
                        "item": "minecraft:golden_sword"
                    }
                ]
            }
        },		
        "gray_dye": {
            "trigger": "minecraft:inventory_changed",
            "conditions": {
                "items": [
                    {
                        "item": "minecraft:gray_dye"
                    }
                ]
            }
        },
        "green_dye": {
            "trigger": "minecraft:inventory_changed",
            "conditions": {
                "items": [
                    {
                        "item": "minecraft:green_dye"
                    }
                ]
            }
        },
        "ink_sac": {
            "trigger": "minecraft:inventory_changed",
            "conditions": {
                "items": [
                    {
                        "item": "minecraft:ink_sac"
                    }
                ]
            }
        },
        "iron_axe": {
            "trigger": "minecraft:inventory_changed",
            "conditions": {
                "items": [
                    {
                        "item": "minecraft:iron_axe"
                    }
                ]
            }
        },
        "iron_boots": {
            "trigger": "minecraft:inventory_changed",
            "conditions": {
                "items": [
                    {
                        "item": "minecraft:iron_boots"
                    }
                ]
            }
        },
        "iron_chestplate": {
            "trigger": "minecraft:inventory_changed",
            "conditions": {
                "items": [
                    {
                        "item": "minecraft:iron_chestplate"
                    }
                ]
            }
        },
        "iron_helmet": {
            "trigger": "minecraft:inventory_changed",
            "conditions": {
                "items": [
                    {
                        "item": "minecraft:iron_helmet"
                    }
                ]
            }
        },
        "iron_hoe": {
            "trigger": "minecraft:inventory_changed",
            "conditions": {
                "items": [
                    {
                        "item": "minecraft:iron_hoe"
                    }
                ]
            }
        },
        "iron_horse_armor": {
            "trigger": "minecraft:inventory_changed",
            "conditions": {
                "items": [
                    {
                        "item": "minecraft:iron_horse_armor"
                    }
                ]
            }
        },
        "iron_leggings": {
            "trigger": "minecraft:inventory_changed",
            "conditions": {
                "items": [
                    {
                        "item": "minecraft:iron_leggings"
                    }
                ]
            }
        },
        "iron_nugget": {
            "trigger": "minecraft:inventory_changed",
            "conditions": {
                "items": [
                    {
                        "item": "minecraft:iron_nugget"
                    }
                ]
            }
        },		
        "iron_pickaxe": {
            "trigger": "minecraft:inventory_changed",
            "conditions": {
                "items": [
                    {
                        "item": "minecraft:iron_pickaxe"
                    }
                ]
            }
        },
        "iron_shovel": {
            "trigger": "minecraft:inventory_changed",
            "conditions": {
                "items": [
                    {
                        "item": "minecraft:iron_shovel"
                    }
                ]
            }
        },
        "iron_sword": {
            "trigger": "minecraft:inventory_changed",
            "conditions": {
                "items": [
                    {
                        "item": "minecraft:iron_sword"
                    }
                ]
            }
        },		
        "lapis_lazuli": {
            "trigger": "minecraft:inventory_changed",
            "conditions": {
                "items": [
                    {
                        "item": "minecraft:lapis_lazuli"
                    }
                ]
            }
        },
        "leather_boots": {
            "trigger": "minecraft:inventory_changed",
            "conditions": {
                "items": [
                    {
                        "item": "minecraft:leather_boots"
                    }
                ]
            }
        },
        "leather_helmet": {
            "trigger": "minecraft:inventory_changed",
            "conditions": {
                "items": [
                    {
                        "item": "minecraft:leather_helmet"
                    }
                ]
            }
        },
        "leather_horse_armor": {
            "trigger": "minecraft:inventory_changed",
            "conditions": {
                "items": [
                    {
                        "item": "minecraft:leather_horse_armor"
                    }
                ]
            }
        },
        "leather_leggings": {
            "trigger": "minecraft:inventory_changed",
            "conditions": {
                "items": [
                    {
                        "item": "minecraft:leather_leggings"
                    }
                ]
            }
        },
        "leather_chestplate": {
            "trigger": "minecraft:inventory_changed",
            "conditions": {
                "items": [
                    {
                        "item": "minecraft:leather_chestplate"
                    }
                ]
            }
        },
        "light_blue_dye": {
            "trigger": "minecraft:inventory_changed",
            "conditions": {
                "items": [
                    {
                        "item": "minecraft:light_blue_dye"
                    }
                ]
            }
        },
        "light_gray_dye": {
            "trigger": "minecraft:inventory_changed",
            "conditions": {
                "items": [
                    {
                        "item": "minecraft:light_gray_dye"
                    }
                ]
            }
        },
        "lime_dye": {
            "trigger": "minecraft:inventory_changed",
            "conditions": {
                "items": [
                    {
                        "item": "minecraft:lime_dye"
                    }
                ]
            }
        },
        "magenta_dye": {
            "trigger": "minecraft:inventory_changed",
            "conditions": {
                "items": [
                    {
                        "item": "minecraft:magenta_dye"
                    }
                ]
            }
        },
        "melon_slice": {
            "trigger": "minecraft:inventory_changed",
            "conditions": {
                "items": [
                    {
                        "item": "minecraft:melon_slice"
                    }
                ]
            }
        },
        "milk_bucket": {
            "trigger": "minecraft:inventory_changed",
            "conditions": {
                "items": [
                    {
                        "item": "minecraft:milk_bucket"
                    }
                ]
            }
        },
        "mushroom_stew": {
            "trigger": "minecraft:inventory_changed",
            "conditions": {
                "items": [
                    {
                        "item": "minecraft:mushroom_stew"
                    }
                ]
            }
        },
        "music_disc_ward": {
            "trigger": "minecraft:inventory_changed",
            "conditions": {
                "items": [
                    {
                        "item": "minecraft:music_disc_ward"
                    }
                ]
            }
        },
        "music_disc_wait": {
            "trigger": "minecraft:inventory_changed",
            "conditions": {
                "items": [
                    {
                        "item": "minecraft:music_disc_wait"
                    }
                ]
            }
        },		
        "music_disc_stal": {
            "trigger": "minecraft:inventory_changed",
            "conditions": {
                "items": [
                    {
                        "item": "minecraft:music_disc_stal"
                    }
                ]
            }
        },
        "music_disc_mellohi": {
            "trigger": "minecraft:inventory_changed",
            "conditions": {
                "items": [
                    {
                        "item": "minecraft:music_disc_mellohi"
                    }
                ]
            }
        },
        "music_disc_mall": {
            "trigger": "minecraft:inventory_changed",
            "conditions": {
                "items": [
                    {
                        "item": "minecraft:music_disc_mall"
                    }
                ]
            }
        },
        "music_disc_far": {
            "trigger": "minecraft:inventory_changed",
            "conditions": {
                "items": [
                    {
                        "item": "minecraft:music_disc_far"
                    }
                ]
            }
        },
        "music_disc_chirp": {
            "trigger": "minecraft:inventory_changed",
            "conditions": {
                "items": [
                    {
                        "item": "minecraft:music_disc_chirp"
                    }
                ]
            }
        },
        "music_disc_cat": {
            "trigger": "minecraft:inventory_changed",
            "conditions": {
                "items": [
                    {
                        "item": "minecraft:music_disc_cat"
                    }
                ]
            }
        },
        "music_disc_blocks": {
            "trigger": "minecraft:inventory_changed",
            "conditions": {
                "items": [
                    {
                        "item": "minecraft:music_disc_blocks"
                    }
                ]
            }
        },
        "music_disc_13": {
            "trigger": "minecraft:inventory_changed",
            "conditions": {
                "items": [
                    {
                        "item": "minecraft:music_disc_13"
                    }
                ]
            }
        },
        "music_disc_11": {
            "trigger": "minecraft:inventory_changed",
            "conditions": {
                "items": [
                    {
                        "item": "minecraft:music_disc_11"
                    }
                ]
            }
        },
        "music_disc_strad": {
            "trigger": "minecraft:inventory_changed",
            "conditions": {
                "items": [
                    {
                        "item": "minecraft:music_disc_strad"
                    }
                ]
            }
        },
        "name_tag": {
            "trigger": "minecraft:inventory_changed",
            "conditions": {
                "items": [
                    {
                        "item": "minecraft:name_tag"
                    }
                ]
            }
        },
        "orange_dye": {
            "trigger": "minecraft:inventory_changed",
            "conditions": {
                "items": [
                    {
                        "item": "minecraft:orange_dye"
                    }
                ]
            }
        },
        "pink_dye": {
            "trigger": "minecraft:inventory_changed",
            "conditions": {
                "items": [
                    {
                        "item": "minecraft:pink_dye"
                    }
                ]
            }
        },
        "poisonous_potato": {
            "trigger": "minecraft:inventory_changed",
            "conditions": {
                "items": [
                    {
                        "item": "minecraft:poisonous_potato"
                    }
                ]
            }
        },
        "potion": {
            "trigger": "minecraft:inventory_changed",
            "conditions": {
                "items": [
                    {
                        "item": "minecraft:potion"
                    }
                ]
            }
        },
        "pufferfish": {
            "trigger": "minecraft:inventory_changed",
            "conditions": {
                "items": [
                    {
                        "item": "minecraft:pufferfish"
                    }
                ]
            }
        },
        "pumpkin_pie": {
            "trigger": "minecraft:inventory_changed",
            "conditions": {
                "items": [
                    {
                        "item": "minecraft:pumpkin_pie"
                    }
                ]
            }
        },
        "purple_dye": {
            "trigger": "minecraft:inventory_changed",
            "conditions": {
                "items": [
                    {
                        "item": "minecraft:purple_dye"
                    }
                ]
            }
        },
        "rabbit_stew": {
            "trigger": "minecraft:inventory_changed",
            "conditions": {
                "items": [
                    {
                        "item": "minecraft:rabbit_stew"
                    }
                ]
            }
        },
        "beef": {
            "trigger": "minecraft:inventory_changed",
            "conditions": {
                "items": [
                    {
                        "item": "minecraft:beef"
                    }
                ]
            }
        },
        "chicken": {
            "trigger": "minecraft:inventory_changed",
            "conditions": {
                "items": [
                    {
                        "item": "minecraft:chicken"
                    }
                ]
            }
        },
        "cod": {
            "trigger": "minecraft:inventory_changed",
            "conditions": {
                "items": [
                    {
                        "item": "minecraft:cod"
                    }
                ]
            }
        },
        "mutton": {
            "trigger": "minecraft:inventory_changed",
            "conditions": {
                "items": [
                    {
                        "item": "minecraft:mutton"
                    }
                ]
            }
        },
        "porkchop": {
            "trigger": "minecraft:inventory_changed",
            "conditions": {
                "items": [
                    {
                        "item": "minecraft:porkchop"
                    }
                ]
            }
        },
        "rabbit": {
            "trigger": "minecraft:inventory_changed",
            "conditions": {
                "items": [
                    {
                        "item": "minecraft:rabbit"
                    }
                ]
            }
        },
        "salmon": {
            "trigger": "minecraft:inventory_changed",
            "conditions": {
                "items": [
                    {
                        "item": "minecraft:salmon"
                    }
                ]
            }
        },
        "red_dye": {
            "trigger": "minecraft:inventory_changed",
            "conditions": {
                "items": [
                    {
                        "item": "minecraft:red_dye"
                    }
                ]
            }
        },
        "rotten_flesh": {
            "trigger": "minecraft:inventory_changed",
            "conditions": {
                "items": [
                    {
                        "item": "minecraft:rotten_flesh"
                    }
                ]
            }
        },
        "saddle": {
            "trigger": "minecraft:inventory_changed",
            "conditions": {
                "items": [
                    {
                        "item": "minecraft:saddle"
                    }
                ]
            }
        },
        "shears": {
            "trigger": "minecraft:inventory_changed",
            "conditions": {
                "items": [
                    {
                        "item": "minecraft:shears"
                    }
                ]
            }
        },
        "shield": {
            "trigger": "minecraft:inventory_changed",
            "conditions": {
                "items": [
                    {
                        "item": "minecraft:shield"
                    }
                ]
            }
        },
        "spectral_arrow": {
            "trigger": "minecraft:inventory_changed",
            "conditions": {
                "items": [
                    {
                        "item": "minecraft:spectral_arrow"
                    }
                ]
            }
        },
        "spider_eye": {
            "trigger": "minecraft:inventory_changed",
            "conditions": {
                "items": [
                    {
                        "item": "minecraft:spider_eye"
                    }
                ]
            }
        },
        "cooked_beef": {
            "trigger": "minecraft:inventory_changed",
            "conditions": {
                "items": [
                    {
                        "item": "minecraft:cooked_beef"
                    }
                ]
            }
        },
        "stone_axe": {
            "trigger": "minecraft:inventory_changed",
            "conditions": {
                "items": [
                    {
                        "item": "minecraft:stone_axe"
                    }
                ]
            }
        },
        "stone_hoe": {
            "trigger": "minecraft:inventory_changed",
            "conditions": {
                "items": [
                    {
                        "item": "minecraft:stone_hoe"
                    }
                ]
            }
        },
        "stone_pickaxe": {
            "trigger": "minecraft:inventory_changed",
            "conditions": {
                "items": [
                    {
                        "item": "minecraft:stone_pickaxe"
                    }
                ]
            }
        },
        "stone_shovel": {
            "trigger": "minecraft:inventory_changed",
            "conditions": {
                "items": [
                    {
                        "item": "minecraft:stone_shovel"
                    }
                ]
            }
        },
        "stone_sword": {
            "trigger": "minecraft:inventory_changed",
            "conditions": {
                "items": [
                    {
                        "item": "minecraft:stone_sword"
                    }
                ]
            }
        },
        "sugar": {
            "trigger": "minecraft:inventory_changed",
            "conditions": {
                "items": [
                    {
                        "item": "minecraft:sugar"
                    }
                ]
            }
        },
        "suspicious_stew": {
            "trigger": "minecraft:inventory_changed",
            "conditions": {
                "items": [
                    {
                        "item": "minecraft:suspicious_stew"
                    }
                ]
            }
        },
        "tipped_arrow": {
            "trigger": "minecraft:inventory_changed",
            "conditions": {
                "items": [
                    {
                        "item": "minecraft:tipped_arrow"
                    }
                ]
            }
        },
        "totem_of_undying": {
            "trigger": "minecraft:inventory_changed",
            "conditions": {
                "items": [
                    {
                        "item": "minecraft:totem_of_undying"
                    }
                ]
            }
        },
        "tropical_fish": {
            "trigger": "minecraft:inventory_changed",
            "conditions": {
                "items": [
                    {
                        "item": "minecraft:tropical_fish"
                    }
                ]
            }
        },
        "turtle_helmet": {
            "trigger": "minecraft:inventory_changed",
            "conditions": {
                "items": [
                    {
                        "item": "minecraft:turtle_helmet"
                    }
                ]
            }
        },
        "wheat": {
            "trigger": "minecraft:inventory_changed",
            "conditions": {
                "items": [
                    {
                        "item": "minecraft:wheat"
                    }
                ]
            }
        },
        "white_dye": {
            "trigger": "minecraft:inventory_changed",
            "conditions": {
                "items": [
                    {
                        "item": "minecraft:white_dye"
                    }
                ]
            }
        },
        "wooden_axe": {
            "trigger": "minecraft:inventory_changed",
            "conditions": {
                "items": [
                    {
                        "item": "minecraft:wooden_axe"
                    }
                ]
            }
        },
        "wooden_hoe": {
            "trigger": "minecraft:inventory_changed",
            "conditions": {
                "items": [
                    {
                        "item": "minecraft:wooden_hoe"
                    }
                ]
            }
        },
        "wooden_pickaxe": {
            "trigger": "minecraft:inventory_changed",
            "conditions": {
                "items": [
                    {
                        "item": "minecraft:wooden_pickaxe"
                    }
                ]
            }
        },
        "wooden_shovel": {
            "trigger": "minecraft:inventory_changed",
            "conditions": {
                "items": [
                    {
                        "item": "minecraft:wooden_shovel"
                    }
                ]
            }
        },
        "wooden_sword": {
            "trigger": "minecraft:inventory_changed",
            "conditions": {
                "items": [
                    {
                        "item": "minecraft:wooden_sword"
                    }
                ]
            }
        },		
        "written_book": {
            "trigger": "minecraft:inventory_changed",
            "conditions": {
                "items": [
                    {
                        "item": "minecraft:written_book"
                    }
                ]
            }
        },
        "yellow_dye": {
            "trigger": "minecraft:inventory_changed",
            "conditions": {
                "items": [
                    {
                        "item": "minecraft:yellow_dye"
                    }
                ]
            }
        },
        "mojang_banner_pattern": {
            "trigger": "minecraft:inventory_changed",
            "conditions": {
                "items": [
                    {
                        "item": "minecraft:mojang_banner_pattern"
                    }
                ]
            }
        },
        "skull_banner_pattern": {
            "trigger": "minecraft:inventory_changed",
            "conditions": {
                "items": [
                    {
                        "item": "minecraft:skull_banner_pattern"
                    }
                ]
            }
        },
        "creeper_banner_pattern": {
            "trigger": "minecraft:inventory_changed",
            "conditions": {
                "items": [
                    {
                        "item": "minecraft:creeper_banner_pattern"
                    }
                ]
            }
        },
        "globe_banner_pattern": {
            "trigger": "minecraft:inventory_changed",
            "conditions": {
                "items": [
                    {
                        "item": "minecraft:globe_banner_pattern"
                    }
                ]
            }
        },
        "flower_banner_pattern": {
            "trigger": "minecraft:inventory_changed",
            "conditions": {
                "items": [
                    {
                        "item": "minecraft:flower_banner_pattern"
                    }
                ]
            }
        },
        "blaze_powder": {
            "trigger": "minecraft:inventory_changed",
            "conditions": {
                "items": [
                    {
                        "item": "minecraft:blaze_powder"
                    }
                ]
            }
        },
        "blaze_rod": {
            "trigger": "minecraft:inventory_changed",
            "conditions": {
                "items": [
                    {
                        "item": "minecraft:blaze_rod"
                    }
                ]
            }
        },
        "book": {
            "trigger": "minecraft:inventory_changed",
            "conditions": {
                "items": [
                    {
                        "item": "minecraft:book"
                    }
                ]
            }
        },
        "brick": {
            "trigger": "minecraft:inventory_changed",
            "conditions": {
                "items": [
                    {
                        "item": "minecraft:brick"
                    }
                ]
            }
        },
        "clay_ball": {
            "trigger": "minecraft:inventory_changed",
            "conditions": {
                "items": [
                    {
                        "item": "minecraft:clay_ball"
                    }
                ]
            }
        },
        "clock": {
            "trigger": "minecraft:inventory_changed",
            "conditions": {
                "items": [
                    {
                        "item": "minecraft:clock"
                    }
                ]
            }
        },
        "compass": {
            "trigger": "minecraft:inventory_changed",
            "conditions": {
                "items": [
                    {
                        "item": "minecraft:compass"
                    }
                ]
            }
        },
        "diamond": {
            "trigger": "minecraft:inventory_changed",
            "conditions": {
                "items": [
                    {
                        "item": "minecraft:diamond"
                    }
                ]
            }
        },
        "dragon_breath": {
            "trigger": "minecraft:inventory_changed",
            "conditions": {
                "items": [
                    {
                        "item": "minecraft:dragon_breath"
                    }
                ]
            }
        },
        "emerald": {
            "trigger": "minecraft:inventory_changed",
            "conditions": {
                "items": [
                    {
                        "item": "minecraft:emerald"
                    }
                ]
            }
        },
        "feather": {
            "trigger": "minecraft:inventory_changed",
            "conditions": {
                "items": [
                    {
                        "item": "minecraft:feather"
                    }
                ]
            }
        },
        "fermented_spider_eye": {
            "trigger": "minecraft:inventory_changed",
            "conditions": {
                "items": [
                    {
                        "item": "minecraft:fermented_spider_eye"
                    }
                ]
            }
        },
        "firework_star": {
            "trigger": "minecraft:inventory_changed",
            "conditions": {
                "items": [
                    {
                        "item": "minecraft:firework_star"
                    }
                ]
            }
        },
        "flint": {
            "trigger": "minecraft:inventory_changed",
            "conditions": {
                "items": [
                    {
                        "item": "minecraft:flint"
                    }
                ]
            }
        },
        "glistering_melon_slice": {
            "trigger": "minecraft:inventory_changed",
            "conditions": {
                "items": [
                    {
                        "item": "minecraft:glistering_melon_slice"
                    }
                ]
            }
        },
        "glowstone_dust": {
            "trigger": "minecraft:inventory_changed",
            "conditions": {
                "items": [
                    {
                        "item": "minecraft:glowstone_dust"
                    }
                ]
            }
        },
        "gold_ingot": {
            "trigger": "minecraft:inventory_changed",
            "conditions": {
                "items": [
                    {
                        "item": "minecraft:gold_ingot"
                    }
                ]
            }
        },
        "gold_nugget": {
            "trigger": "minecraft:inventory_changed",
            "conditions": {
                "items": [
                    {
                        "item": "minecraft:gold_nugget"
                    }
                ]
            }
        },
        "ghast_tear": {
            "trigger": "minecraft:inventory_changed",
            "conditions": {
                "items": [
                    {
                        "item": "minecraft:ghast_tear"
                    }
                ]
            }
        },
        "gunpowder": {
            "trigger": "minecraft:inventory_changed",
            "conditions": {
                "items": [
                    {
                        "item": "minecraft:gunpowder"
                    }
                ]
            }
        },
        "heart_of_the_sea": {
            "trigger": "minecraft:inventory_changed",
            "conditions": {
                "items": [
                    {
                        "item": "minecraft:heart_of_the_sea"
                    }
                ]
            }
        },
        "iron_ingot": {
            "trigger": "minecraft:inventory_changed",
            "conditions": {
                "items": [
                    {
                        "item": "minecraft:iron_ingot"
                    }
                ]
            }
        },
        "leather": {
            "trigger": "minecraft:inventory_changed",
            "conditions": {
                "items": [
                    {
                        "item": "minecraft:leather"
                    }
                ]
            }
        },
        "magma_cream": {
            "trigger": "minecraft:inventory_changed",
            "conditions": {
                "items": [
                    {
                        "item": "minecraft:magma_cream"
                    }
                ]
            }
        },
        "nautilus_shell": {
            "trigger": "minecraft:inventory_changed",
            "conditions": {
                "items": [
                    {
                        "item": "minecraft:nautilus_shell"
                    }
                ]
            }
        },
        "nether_brick": {
            "trigger": "minecraft:inventory_changed",
            "conditions": {
                "items": [
                    {
                        "item": "minecraft:nether_brick"
                    }
                ]
            }
        },
        "quartz": {
            "trigger": "minecraft:inventory_changed",
            "conditions": {
                "items": [
                    {
                        "item": "minecraft:quartz"
                    }
                ]
            }
        },
        "nether_star": {
            "trigger": "minecraft:inventory_changed",
            "conditions": {
                "items": [
                    {
                        "item": "minecraft:nether_star"
                    }
                ]
            }
        },
        "paper": {
            "trigger": "minecraft:inventory_changed",
            "conditions": {
                "items": [
                    {
                        "item": "minecraft:paper"
                    }
                ]
            }
        },
        "phantom_membrane": {
            "trigger": "minecraft:inventory_changed",
            "conditions": {
                "items": [
                    {
                        "item": "minecraft:phantom_membrane"
                    }
                ]
            }
        },
        "popped_chorus_fruit": {
            "trigger": "minecraft:inventory_changed",
            "conditions": {
                "items": [
                    {
                        "item": "minecraft:popped_chorus_fruit"
                    }
                ]
            }
        },
        "prismarine_crystals": {
            "trigger": "minecraft:inventory_changed",
            "conditions": {
                "items": [
                    {
                        "item": "minecraft:prismarine_crystals"
                    }
                ]
            }
        },
        "prismarine_shard": {
            "trigger": "minecraft:inventory_changed",
            "conditions": {
                "items": [
                    {
                        "item": "minecraft:prismarine_shard"
                    }
                ]
            }
        },
        "rabbit_hide": {
            "trigger": "minecraft:inventory_changed",
            "conditions": {
                "items": [
                    {
                        "item": "minecraft:rabbit_hide"
                    }
                ]
            }
        },
        "rabbit_foot": {
            "trigger": "minecraft:inventory_changed",
            "conditions": {
                "items": [
                    {
                        "item": "minecraft:rabbit_foot"
                    }
                ]
            }
        },
        "scute": {
            "trigger": "minecraft:inventory_changed",
            "conditions": {
                "items": [
                    {
                        "item": "minecraft:scute"
                    }
                ]
            }
        },
        "shulker_shell": {
            "trigger": "minecraft:inventory_changed",
            "conditions": {
                "items": [
                    {
                        "item": "minecraft:shulker_shell"
                    }
                ]
            }
        },
        "slime_ball": {
            "trigger": "minecraft:inventory_changed",
            "conditions": {
                "items": [
                    {
                        "item": "minecraft:slime_ball"
                    }
                ]
            }
        },
        "stick": {
            "trigger": "minecraft:inventory_changed",
            "conditions": {
                "items": [
                    {
                        "item": "minecraft:stick"
                    }
                ]
            }
        },
        "honey_bottle": {
            "trigger": "minecraft:inventory_changed",
            "conditions": {
                "items": [
                    {
                        "item": "minecraft:honey_bottle"
                    }
                ]
            }
        },
        "honeycomb": {
            "trigger": "minecraft:inventory_changed",
            "conditions": {
                "items": [
                    {
                        "item": "minecraft:honeycomb"
                    }
                ]
            }
        }
    }
}