{
    "display": {
        "icon": {
            "item": "minecraft:dragon_head"
        },
        "title": {"translate":"Dragon vs Dragon II"},
        "description": {"translate":"Defeat the Ender Dragon while wearing a dragon head... without touching the ground"},
		"frame": "challenge"
    },
    "parent": "blazeandcave:challenges/im_in_space",
	"rewards": {
		"experience": 500,
		"function": "bc_rewards:challenges/dragon_vs_dragon_ii_electric_boogaloo"
    },		
    "criteria": {
        "ten_withers": {
            "trigger": "minecraft:impossible"
        }
    }
}