{
    "display": {
        "icon": {
            "item": "minecraft:popped_chorus_fruit"
        },
        "title": {"translate":"Stack All the Items!"},
        "description": {"translate":"Obtain a stack of all the items!"},
		"frame": "challenge"
    },
    "parent": "blazeandcave:challenges/stack_all_the_blocks",
    "rewards": {
        "experience": 500,
		"function": "bc_rewards:challenges/stack_all_the_items"
    },		
    "criteria": {
        "acacia_boat": {
            "trigger": "minecraft:inventory_changed",
            "conditions": {
                "items": [
                    {
                        "item": "minecraft:acacia_boat"
                    }
                ]
            }
        },
        "armor_stand": {
            "trigger": "minecraft:inventory_changed",
            "conditions": {
                "items": [
                    {
                        "item": "minecraft:armor_stand",
						"count": 16
                    }
                ]
            }
        },
        "beetroot_seeds": {
            "trigger": "minecraft:inventory_changed",
            "conditions": {
                "items": [
                    {
                        "item": "minecraft:beetroot_seeds",
						"count": 64
                    }
                ]
            }
        },
        "birch_boat": {
            "trigger": "minecraft:inventory_changed",
            "conditions": {
                "items": [
                    {
                        "item": "minecraft:birch_boat"
                    }
                ]
            }
        },
        "experience_bottle": {
            "trigger": "minecraft:inventory_changed",
            "conditions": {
                "items": [
                    {
                        "item": "minecraft:experience_bottle",
						"count": 64
                    }
                ]
            }
        },
        "bucket": {
            "trigger": "minecraft:inventory_changed",
            "conditions": {
                "items": [
                    {
                        "item": "minecraft:bucket",
						"count": 16
                    }
                ]
            }
        },
        "cod_bucket": {
            "trigger": "minecraft:inventory_changed",
            "conditions": {
                "items": [
                    {
                        "item": "minecraft:cod_bucket"
                    }
                ]
            }
        },
        "pufferfish_bucket": {
            "trigger": "minecraft:inventory_changed",
            "conditions": {
                "items": [
                    {
                        "item": "minecraft:pufferfish_bucket"
                    }
                ]
            }
        },
        "salmon_bucket": {
            "trigger": "minecraft:inventory_changed",
            "conditions": {
                "items": [
                    {
                        "item": "minecraft:salmon_bucket"
                    }
                ]
            }
        },
        "tropical_fish_bucket": {
            "trigger": "minecraft:inventory_changed",
            "conditions": {
                "items": [
                    {
                        "item": "minecraft:tropical_fish_bucket"
                    }
                ]
            }
        },
        "carrot": {
            "trigger": "minecraft:inventory_changed",
            "conditions": {
                "items": [
                    {
                        "item": "minecraft:carrot",
						"count": 64
                    }
                ]
            }
        },
        "cocoa_beans": {
            "trigger": "minecraft:inventory_changed",
            "conditions": {
                "items": [
                    {
                        "item": "minecraft:cocoa_beans",
						"count": 64
                    }
                ]
            }
        },
        "dark_oak_boat": {
            "trigger": "minecraft:inventory_changed",
            "conditions": {
                "items": [
                    {
                        "item": "minecraft:dark_oak_boat"
                    }
                ]
            }
        },
        "egg": {
            "trigger": "minecraft:inventory_changed",
            "conditions": {
                "items": [
                    {
                        "item": "minecraft:egg",
						"count": 16
                    }
                ]
            }
        },
        "ender_pearl": {
            "trigger": "minecraft:inventory_changed",
            "conditions": {
                "items": [
                    {
                        "item": "minecraft:ender_pearl",
						"count": 16
                    }
                ]
            }
        },
        "end_crystal": {
            "trigger": "minecraft:inventory_changed",
            "conditions": {
                "items": [
                    {
                        "item": "minecraft:end_crystal",
						"count": 64
                    }
                ]
            }
        },
        "ender_eye": {
            "trigger": "minecraft:inventory_changed",
            "conditions": {
                "items": [
                    {
                        "item": "minecraft:ender_eye",
						"count": 64
                    }
                ]
            }
        },
        "firework_rocket": {
            "trigger": "minecraft:inventory_changed",
            "conditions": {
                "items": [
                    {
                        "item": "minecraft:firework_rocket",
						"count": 64
                    }
                ]
            }
        },
        "fire_charge": {
            "trigger": "minecraft:inventory_changed",
            "conditions": {
                "items": [
                    {
                        "item": "minecraft:fire_charge",
						"count": 64
                    }
                ]
            }
        },
        "item_frame": {
            "trigger": "minecraft:inventory_changed",
            "conditions": {
                "items": [
                    {
                        "item": "minecraft:item_frame",
						"count": 64
                    }
                ]
            }
        },
        "jungle_boat": {
            "trigger": "minecraft:inventory_changed",
            "conditions": {
                "items": [
                    {
                        "item": "minecraft:jungle_boat"
                    }
                ]
            }
        },
        "kelp": {
            "trigger": "minecraft:inventory_changed",
            "conditions": {
                "items": [
                    {
                        "item": "minecraft:kelp",
						"count": 64
                    }
                ]
            }
        },
        "lava_bucket": {
            "trigger": "minecraft:inventory_changed",
            "conditions": {
                "items": [
                    {
                        "item": "minecraft:lava_bucket"
                    }
                ]
            }
        },
        "lead": {
            "trigger": "minecraft:inventory_changed",
            "conditions": {
                "items": [
                    {
                        "item": "minecraft:lead",
						"count": 64
                    }
                ]
            }
        },
        "lingering_potion": {
            "trigger": "minecraft:inventory_changed",
            "conditions": {
                "items": [
                    {
                        "item": "minecraft:lingering_potion"
                    }
                ]
            }
        },
        "melon_seeds": {
            "trigger": "minecraft:inventory_changed",
            "conditions": {
                "items": [
                    {
                        "item": "minecraft:melon_seeds",
						"count": 64
                    }
                ]
            }
        },
        "minecart": {
            "trigger": "minecraft:inventory_changed",
            "conditions": {
                "items": [
                    {
                        "item": "minecraft:minecart"
                    }
                ]
            }
        },
        "chest_minecart": {
            "trigger": "minecraft:inventory_changed",
            "conditions": {
                "items": [
                    {
                        "item": "minecraft:chest_minecart"
                    }
                ]
            }
        },
        "furnace_minecart": {
            "trigger": "minecraft:inventory_changed",
            "conditions": {
                "items": [
                    {
                        "item": "minecraft:furnace_minecart"
                    }
                ]
            }
        },
        "hopper_minecart": {
            "trigger": "minecraft:inventory_changed",
            "conditions": {
                "items": [
                    {
                        "item": "minecraft:hopper_minecart"
                    }
                ]
            }
        },
        "tnt_minecart": {
            "trigger": "minecraft:inventory_changed",
            "conditions": {
                "items": [
                    {
                        "item": "minecraft:tnt_minecart"
                    }
                ]
            }
        },
        "nether_wart": {
            "trigger": "minecraft:inventory_changed",
            "conditions": {
                "items": [
                    {
                        "item": "minecraft:nether_wart",
						"count": 64
                    }
                ]
            }
        },
        "oak_boat": {
            "trigger": "minecraft:inventory_changed",
            "conditions": {
                "items": [
                    {
                        "item": "minecraft:oak_boat"
                    }
                ]
            }
        },
        "painting": {
            "trigger": "minecraft:inventory_changed",
            "conditions": {
                "items": [
                    {
                        "item": "minecraft:painting",
						"count": 64
                    }
                ]
            }
        },
        "potato": {
            "trigger": "minecraft:inventory_changed",
            "conditions": {
                "items": [
                    {
                        "item": "minecraft:potato",
						"count": 64
                    }
                ]
            }
        },
        "pumpkin_seeds": {
            "trigger": "minecraft:inventory_changed",
            "conditions": {
                "items": [
                    {
                        "item": "minecraft:pumpkin_seeds",
						"count": 64
                    }
                ]
            }
        },
        "redstone": {
            "trigger": "minecraft:inventory_changed",
            "conditions": {
                "items": [
                    {
                        "item": "minecraft:redstone",
						"count": 64
                    }
                ]
            }
        },
        "snowball": {
            "trigger": "minecraft:inventory_changed",
            "conditions": {
                "items": [
                    {
                        "item": "minecraft:snowball",
						"count": 16
                    }
                ]
            }
        },
        "splash_potion": {
            "trigger": "minecraft:inventory_changed",
            "conditions": {
                "items": [
                    {
                        "item": "minecraft:splash_potion"
                    }
                ]
            }
        },
        "spruce_boat": {
            "trigger": "minecraft:inventory_changed",
            "conditions": {
                "items": [
                    {
                        "item": "minecraft:spruce_boat"
                    }
                ]
            }
        },
        "string": {
            "trigger": "minecraft:inventory_changed",
            "conditions": {
                "items": [
                    {
                        "item": "minecraft:string",
						"count": 64
                    }
                ]
            }
        },
        "sugar_cane": {
            "trigger": "minecraft:inventory_changed",
            "conditions": {
                "items": [
                    {
                        "item": "minecraft:sugar_cane",
						"count": 64
                    }
                ]
            }
        },
        "sweet_berries": {
            "trigger": "minecraft:inventory_changed",
            "conditions": {
                "items": [
                    {
                        "item": "minecraft:sweet_berries",
						"count": 64
                    }
                ]
            }
        },
        "trident": {
            "trigger": "minecraft:inventory_changed",
            "conditions": {
                "items": [
                    {
                        "item": "minecraft:trident"
                    }
                ]
            }
        },
        "water_bucket": {
            "trigger": "minecraft:inventory_changed",
            "conditions": {
                "items": [
                    {
                        "item": "minecraft:water_bucket"
                    }
                ]
            }
        },
        "wheat_seeds": {
            "trigger": "minecraft:inventory_changed",
            "conditions": {
                "items": [
                    {
                        "item": "minecraft:wheat_seeds",
						"count": 64
                    }
                ]
            }
        },
        "apple": {
            "trigger": "minecraft:inventory_changed",
            "conditions": {
                "items": [
                    {
                        "item": "minecraft:apple",
						"count": 64
                    }
                ]
            }
        },
        "arrow": {
            "trigger": "minecraft:inventory_changed",
            "conditions": {
                "items": [
                    {
                        "item": "minecraft:arrow",
						"count": 64
                    }
                ]
            }
        },
        "baked_potato": {
            "trigger": "minecraft:inventory_changed",
            "conditions": {
                "items": [
                    {
                        "item": "minecraft:baked_potato",
						"count": 64
                    }
                ]
            }
        },
        "beetroot_soup": {
            "trigger": "minecraft:inventory_changed",
            "conditions": {
                "items": [
                    {
                        "item": "minecraft:beetroot_soup"
                    }
                ]
            }
        },
        "beetroot": {
            "trigger": "minecraft:inventory_changed",
            "conditions": {
                "items": [
                    {
                        "item": "minecraft:beetroot",
						"count": 64
                    }
                ]
            }
        },
        "black_dye": {
            "trigger": "minecraft:inventory_changed",
            "conditions": {
                "items": [
                    {
                        "item": "minecraft:black_dye",
						"count": 64
                    }
                ]
            }
        },
        "blue_dye": {
            "trigger": "minecraft:inventory_changed",
            "conditions": {
                "items": [
                    {
                        "item": "minecraft:blue_dye",
						"count": 64
                    }
                ]
            }
        },
        "bone": {
            "trigger": "minecraft:inventory_changed",
            "conditions": {
                "items": [
                    {
                        "item": "minecraft:bone",
						"count": 64
                    }
                ]
            }
        },
        "bone_meal": {
            "trigger": "minecraft:inventory_changed",
            "conditions": {
                "items": [
                    {
                        "item": "minecraft:bone_meal",
						"count": 64
                    }
                ]
            }
        },
        "writable_book": {
            "trigger": "minecraft:inventory_changed",
            "conditions": {
                "items": [
                    {
                        "item": "minecraft:writable_book"
                    }
                ]
            }
        },
        "bow": {
            "trigger": "minecraft:inventory_changed",
            "conditions": {
                "items": [
                    {
                        "item": "minecraft:bow"
                    }
                ]
            }
        },
        "bowl": {
            "trigger": "minecraft:inventory_changed",
            "conditions": {
                "items": [
                    {
                        "item": "minecraft:bowl",
						"count": 64
                    }
                ]
            }
        },
        "bread": {
            "trigger": "minecraft:inventory_changed",
            "conditions": {
                "items": [
                    {
                        "item": "minecraft:bread",
						"count": 64
                    }
                ]
            }
        },
        "brown_dye": {
            "trigger": "minecraft:inventory_changed",
            "conditions": {
                "items": [
                    {
                        "item": "minecraft:brown_dye",
						"count": 64
                    }
                ]
            }
        },
        "carrot_on_a_stick": {
            "trigger": "minecraft:inventory_changed",
            "conditions": {
                "items": [
                    {
                        "item": "minecraft:carrot_on_a_stick"
                    }
                ]
            }
        },
        "chainmail_boots": {
            "trigger": "minecraft:inventory_changed",
            "conditions": {
                "items": [
                    {
                        "item": "minecraft:chainmail_boots"
                    }
                ]
            }
        },
        "chainmail_chestplate": {
            "trigger": "minecraft:inventory_changed",
            "conditions": {
                "items": [
                    {
                        "item": "minecraft:chainmail_chestplate"
                    }
                ]
            }
        },
        "chainmail_helmet": {
            "trigger": "minecraft:inventory_changed",
            "conditions": {
                "items": [
                    {
                        "item": "minecraft:chainmail_helmet"
                    }
                ]
            }
        },
        "chainmail_leggings": {
            "trigger": "minecraft:inventory_changed",
            "conditions": {
                "items": [
                    {
                        "item": "minecraft:chainmail_leggings"
                    }
                ]
            }
        },
        "charcoal": {
            "trigger": "minecraft:inventory_changed",
            "conditions": {
                "items": [
                    {
                        "item": "minecraft:charcoal",
						"count": 64
                    }
                ]
            }
        },
        "chorus_fruit": {
            "trigger": "minecraft:inventory_changed",
            "conditions": {
                "items": [
                    {
                        "item": "minecraft:chorus_fruit",
						"count": 64
                    }
                ]
            }
        },
        "coal": {
            "trigger": "minecraft:inventory_changed",
            "conditions": {
                "items": [
                    {
                        "item": "minecraft:coal",
						"count": 64
                    }
                ]
            }
        },
        "cooked_chicken": {
            "trigger": "minecraft:inventory_changed",
            "conditions": {
                "items": [
                    {
                        "item": "minecraft:cooked_chicken",
						"count": 64
                    }
                ]
            }
        },
        "cooked_cod": {
            "trigger": "minecraft:inventory_changed",
            "conditions": {
                "items": [
                    {
                        "item": "minecraft:cooked_cod",
						"count": 64
                    }
                ]
            }
        },
        "cooked_mutton": {
            "trigger": "minecraft:inventory_changed",
            "conditions": {
                "items": [
                    {
                        "item": "minecraft:cooked_mutton",
						"count": 64
                    }
                ]
            }
        },
        "cooked_porkchop": {
            "trigger": "minecraft:inventory_changed",
            "conditions": {
                "items": [
                    {
                        "item": "minecraft:cooked_porkchop",
						"count": 64
                    }
                ]
            }
        },
        "cooked_rabbit": {
            "trigger": "minecraft:inventory_changed",
            "conditions": {
                "items": [
                    {
                        "item": "minecraft:cooked_rabbit",
						"count": 64
                    }
                ]
            }
        },
        "cooked_salmon": {
            "trigger": "minecraft:inventory_changed",
            "conditions": {
                "items": [
                    {
                        "item": "minecraft:cooked_salmon",
						"count": 64
                    }
                ]
            }
        },
        "cookie": {
            "trigger": "minecraft:inventory_changed",
            "conditions": {
                "items": [
                    {
                        "item": "minecraft:cookie",
						"count": 64
                    }
                ]
            }
        },
        "crossbow": {
            "trigger": "minecraft:inventory_changed",
            "conditions": {
                "items": [
                    {
                        "item": "minecraft:crossbow"
                    }
                ]
            }
        },
        "cyan_dye": {
            "trigger": "minecraft:inventory_changed",
            "conditions": {
                "items": [
                    {
                        "item": "minecraft:cyan_dye",
						"count": 64
                    }
                ]
            }
        },
        "diamond_axe": {
            "trigger": "minecraft:inventory_changed",
            "conditions": {
                "items": [
                    {
                        "item": "minecraft:diamond_axe"
                    }
                ]
            }
        },
        "diamond_boots": {
            "trigger": "minecraft:inventory_changed",
            "conditions": {
                "items": [
                    {
                        "item": "minecraft:diamond_boots"
                    }
                ]
            }
        },
        "diamond_chestplate": {
            "trigger": "minecraft:inventory_changed",
            "conditions": {
                "items": [
                    {
                        "item": "minecraft:diamond_chestplate"
                    }
                ]
            }
        },
        "diamond_helmet": {
            "trigger": "minecraft:inventory_changed",
            "conditions": {
                "items": [
                    {
                        "item": "minecraft:diamond_helmet"
                    }
                ]
            }
        },
        "diamond_hoe": {
            "trigger": "minecraft:inventory_changed",
            "conditions": {
                "items": [
                    {
                        "item": "minecraft:diamond_hoe"
                    }
                ]
            }
        },
        "diamond_horse_armor": {
            "trigger": "minecraft:inventory_changed",
            "conditions": {
                "items": [
                    {
                        "item": "minecraft:diamond_horse_armor"
                    }
                ]
            }
        },
        "diamond_leggings": {
            "trigger": "minecraft:inventory_changed",
            "conditions": {
                "items": [
                    {
                        "item": "minecraft:diamond_leggings"
                    }
                ]
            }
        },
        "diamond_pickaxe": {
            "trigger": "minecraft:inventory_changed",
            "conditions": {
                "items": [
                    {
                        "item": "minecraft:diamond_pickaxe"
                    }
                ]
            }
        },
        "diamond_shovel": {
            "trigger": "minecraft:inventory_changed",
            "conditions": {
                "items": [
                    {
                        "item": "minecraft:diamond_shovel"
                    }
                ]
            }
        },
        "diamond_sword": {
            "trigger": "minecraft:inventory_changed",
            "conditions": {
                "items": [
                    {
                        "item": "minecraft:diamond_sword"
                    }
                ]
            }
        },
        "dried_kelp": {
            "trigger": "minecraft:inventory_changed",
            "conditions": {
                "items": [
                    {
                        "item": "minecraft:dried_kelp",
						"count": 64
                    }
                ]
            }
        },
        "map": {
            "trigger": "minecraft:inventory_changed",
            "conditions": {
                "items": [
                    {
                        "item": "minecraft:map",
						"count": 64
                    }
                ]
            }
        },
        "enchanted_book": {
            "trigger": "minecraft:inventory_changed",
            "conditions": {
                "items": [
                    {
                        "item": "minecraft:enchanted_book"
                    }
                ]
            }
        },
        "enchanted_golden_apple": {
            "trigger": "minecraft:inventory_changed",
            "conditions": {
                "items": [
                    {
                        "item": "minecraft:enchanted_golden_apple"
                    }
                ]
            }
        },
        "filled_map": {
            "trigger": "minecraft:inventory_changed",
            "conditions": {
                "items": [
                    {
                        "item": "minecraft:filled_map",
						"count": 64
                    }
                ]
            }
        },
        "fishing_rod": {
            "trigger": "minecraft:inventory_changed",
            "conditions": {
                "items": [
                    {
                        "item": "minecraft:fishing_rod"
                    }
                ]
            }
        },
        "glass_bottle": {
            "trigger": "minecraft:inventory_changed",
            "conditions": {
                "items": [
                    {
                        "item": "minecraft:glass_bottle",
						"count": 64
                    }
                ]
            }
        },
        "golden_apple": {
            "trigger": "minecraft:inventory_changed",
            "conditions": {
                "items": [
                    {
                        "item": "minecraft:golden_apple",
						"count": 64
                    }
                ]
            }
        },
        "golden_axe": {
            "trigger": "minecraft:inventory_changed",
            "conditions": {
                "items": [
                    {
                        "item": "minecraft:golden_axe"
                    }
                ]
            }
        },
        "golden_boots": {
            "trigger": "minecraft:inventory_changed",
            "conditions": {
                "items": [
                    {
                        "item": "minecraft:golden_boots"
                    }
                ]
            }
        },
        "golden_carrot": {
            "trigger": "minecraft:inventory_changed",
            "conditions": {
                "items": [
                    {
                        "item": "minecraft:golden_carrot"
                    }
                ]
            }
        },		
        "golden_chestplate": {
            "trigger": "minecraft:inventory_changed",
            "conditions": {
                "items": [
                    {
                        "item": "minecraft:golden_chestplate"
                    }
                ]
            }
        },
        "golden_helmet": {
            "trigger": "minecraft:inventory_changed",
            "conditions": {
                "items": [
                    {
                        "item": "minecraft:golden_helmet"
                    }
                ]
            }
        },
        "golden_hoe": {
            "trigger": "minecraft:inventory_changed",
            "conditions": {
                "items": [
                    {
                        "item": "minecraft:golden_hoe"
                    }
                ]
            }
        },
        "golden_horse_armor": {
            "trigger": "minecraft:inventory_changed",
            "conditions": {
                "items": [
                    {
                        "item": "minecraft:golden_horse_armor"
                    }
                ]
            }
        },
        "golden_leggings": {
            "trigger": "minecraft:inventory_changed",
            "conditions": {
                "items": [
                    {
                        "item": "minecraft:golden_leggings"
                    }
                ]
            }
        },
        "golden_pickaxe": {
            "trigger": "minecraft:inventory_changed",
            "conditions": {
                "items": [
                    {
                        "item": "minecraft:golden_pickaxe"
                    }
                ]
            }
        },
        "golden_shovel": {
            "trigger": "minecraft:inventory_changed",
            "conditions": {
                "items": [
                    {
                        "item": "minecraft:golden_shovel"
                    }
                ]
            }
        },
        "golden_sword": {
            "trigger": "minecraft:inventory_changed",
            "conditions": {
                "items": [
                    {
                        "item": "minecraft:golden_sword"
                    }
                ]
            }
        },		
        "gray_dye": {
            "trigger": "minecraft:inventory_changed",
            "conditions": {
                "items": [
                    {
                        "item": "minecraft:gray_dye",
						"count": 64
                    }
                ]
            }
        },
        "green_dye": {
            "trigger": "minecraft:inventory_changed",
            "conditions": {
                "items": [
                    {
                        "item": "minecraft:green_dye",
						"count": 64
                    }
                ]
            }
        },
        "ink_sac": {
            "trigger": "minecraft:inventory_changed",
            "conditions": {
                "items": [
                    {
                        "item": "minecraft:ink_sac",
						"count": 64
                    }
                ]
            }
        },
        "iron_axe": {
            "trigger": "minecraft:inventory_changed",
            "conditions": {
                "items": [
                    {
                        "item": "minecraft:iron_axe"
                    }
                ]
            }
        },
        "iron_boots": {
            "trigger": "minecraft:inventory_changed",
            "conditions": {
                "items": [
                    {
                        "item": "minecraft:iron_boots"
                    }
                ]
            }
        },
        "iron_chestplate": {
            "trigger": "minecraft:inventory_changed",
            "conditions": {
                "items": [
                    {
                        "item": "minecraft:iron_chestplate"
                    }
                ]
            }
        },
        "iron_helmet": {
            "trigger": "minecraft:inventory_changed",
            "conditions": {
                "items": [
                    {
                        "item": "minecraft:iron_helmet"
                    }
                ]
            }
        },
        "iron_hoe": {
            "trigger": "minecraft:inventory_changed",
            "conditions": {
                "items": [
                    {
                        "item": "minecraft:iron_hoe"
                    }
                ]
            }
        },
        "iron_horse_armor": {
            "trigger": "minecraft:inventory_changed",
            "conditions": {
                "items": [
                    {
                        "item": "minecraft:iron_horse_armor"
                    }
                ]
            }
        },
        "iron_leggings": {
            "trigger": "minecraft:inventory_changed",
            "conditions": {
                "items": [
                    {
                        "item": "minecraft:iron_leggings"
                    }
                ]
            }
        },
        "iron_nugget": {
            "trigger": "minecraft:inventory_changed",
            "conditions": {
                "items": [
                    {
                        "item": "minecraft:iron_nugget"
                    }
                ]
            }
        },		
        "iron_pickaxe": {
            "trigger": "minecraft:inventory_changed",
            "conditions": {
                "items": [
                    {
                        "item": "minecraft:iron_pickaxe"
                    }
                ]
            }
        },
        "iron_shovel": {
            "trigger": "minecraft:inventory_changed",
            "conditions": {
                "items": [
                    {
                        "item": "minecraft:iron_shovel"
                    }
                ]
            }
        },
        "iron_sword": {
            "trigger": "minecraft:inventory_changed",
            "conditions": {
                "items": [
                    {
                        "item": "minecraft:iron_sword"
                    }
                ]
            }
        },		
        "lapis_lazuli": {
            "trigger": "minecraft:inventory_changed",
            "conditions": {
                "items": [
                    {
                        "item": "minecraft:lapis_lazuli",
						"count": 64
                    }
                ]
            }
        },
        "leather_boots": {
            "trigger": "minecraft:inventory_changed",
            "conditions": {
                "items": [
                    {
                        "item": "minecraft:leather_boots"
                    }
                ]
            }
        },
        "leather_helmet": {
            "trigger": "minecraft:inventory_changed",
            "conditions": {
                "items": [
                    {
                        "item": "minecraft:leather_helmet"
                    }
                ]
            }
        },
        "leather_horse_armor": {
            "trigger": "minecraft:inventory_changed",
            "conditions": {
                "items": [
                    {
                        "item": "minecraft:leather_horse_armor"
                    }
                ]
            }
        },
        "leather_leggings": {
            "trigger": "minecraft:inventory_changed",
            "conditions": {
                "items": [
                    {
                        "item": "minecraft:leather_leggings"
                    }
                ]
            }
        },
        "leather_chestplate": {
            "trigger": "minecraft:inventory_changed",
            "conditions": {
                "items": [
                    {
                        "item": "minecraft:leather_chestplate"
                    }
                ]
            }
        },
        "light_blue_dye": {
            "trigger": "minecraft:inventory_changed",
            "conditions": {
                "items": [
                    {
                        "item": "minecraft:light_blue_dye",
						"count": 64
                    }
                ]
            }
        },
        "light_gray_dye": {
            "trigger": "minecraft:inventory_changed",
            "conditions": {
                "items": [
                    {
                        "item": "minecraft:light_gray_dye",
						"count": 64
                    }
                ]
            }
        },
        "lime_dye": {
            "trigger": "minecraft:inventory_changed",
            "conditions": {
                "items": [
                    {
                        "item": "minecraft:lime_dye",
						"count": 64
                    }
                ]
            }
        },
        "magenta_dye": {
            "trigger": "minecraft:inventory_changed",
            "conditions": {
                "items": [
                    {
                        "item": "minecraft:magenta_dye",
						"count": 64
                    }
                ]
            }
        },
        "melon_slice": {
            "trigger": "minecraft:inventory_changed",
            "conditions": {
                "items": [
                    {
                        "item": "minecraft:melon_slice",
						"count": 64
                    }
                ]
            }
        },
        "milk_bucket": {
            "trigger": "minecraft:inventory_changed",
            "conditions": {
                "items": [
                    {
                        "item": "minecraft:milk_bucket"
                    }
                ]
            }
        },
        "mushroom_stew": {
            "trigger": "minecraft:inventory_changed",
            "conditions": {
                "items": [
                    {
                        "item": "minecraft:mushroom_stew"
                    }
                ]
            }
        },
        "music_disc_ward": {
            "trigger": "minecraft:inventory_changed",
            "conditions": {
                "items": [
                    {
                        "item": "minecraft:music_disc_ward"
                    }
                ]
            }
        },
        "music_disc_wait": {
            "trigger": "minecraft:inventory_changed",
            "conditions": {
                "items": [
                    {
                        "item": "minecraft:music_disc_wait"
                    }
                ]
            }
        },		
        "music_disc_stal": {
            "trigger": "minecraft:inventory_changed",
            "conditions": {
                "items": [
                    {
                        "item": "minecraft:music_disc_stal"
                    }
                ]
            }
        },
        "music_disc_mellohi": {
            "trigger": "minecraft:inventory_changed",
            "conditions": {
                "items": [
                    {
                        "item": "minecraft:music_disc_mellohi"
                    }
                ]
            }
        },
        "music_disc_mall": {
            "trigger": "minecraft:inventory_changed",
            "conditions": {
                "items": [
                    {
                        "item": "minecraft:music_disc_mall"
                    }
                ]
            }
        },
        "music_disc_far": {
            "trigger": "minecraft:inventory_changed",
            "conditions": {
                "items": [
                    {
                        "item": "minecraft:music_disc_far"
                    }
                ]
            }
        },
        "music_disc_chirp": {
            "trigger": "minecraft:inventory_changed",
            "conditions": {
                "items": [
                    {
                        "item": "minecraft:music_disc_chirp"
                    }
                ]
            }
        },
        "music_disc_cat": {
            "trigger": "minecraft:inventory_changed",
            "conditions": {
                "items": [
                    {
                        "item": "minecraft:music_disc_cat"
                    }
                ]
            }
        },
        "music_disc_blocks": {
            "trigger": "minecraft:inventory_changed",
            "conditions": {
                "items": [
                    {
                        "item": "minecraft:music_disc_blocks"
                    }
                ]
            }
        },
        "music_disc_13": {
            "trigger": "minecraft:inventory_changed",
            "conditions": {
                "items": [
                    {
                        "item": "minecraft:music_disc_13"
                    }
                ]
            }
        },
        "music_disc_11": {
            "trigger": "minecraft:inventory_changed",
            "conditions": {
                "items": [
                    {
                        "item": "minecraft:music_disc_11"
                    }
                ]
            }
        },
        "music_disc_strad": {
            "trigger": "minecraft:inventory_changed",
            "conditions": {
                "items": [
                    {
                        "item": "minecraft:music_disc_strad"
                    }
                ]
            }
        },
        "name_tag": {
            "trigger": "minecraft:inventory_changed",
            "conditions": {
                "items": [
                    {
                        "item": "minecraft:name_tag",
						"count": 64
                    }
                ]
            }
        },
        "orange_dye": {
            "trigger": "minecraft:inventory_changed",
            "conditions": {
                "items": [
                    {
                        "item": "minecraft:orange_dye",
						"count": 64
                    }
                ]
            }
        },
        "pink_dye": {
            "trigger": "minecraft:inventory_changed",
            "conditions": {
                "items": [
                    {
                        "item": "minecraft:pink_dye",
						"count": 64
                    }
                ]
            }
        },
        "poisonous_potato": {
            "trigger": "minecraft:inventory_changed",
            "conditions": {
                "items": [
                    {
                        "item": "minecraft:poisonous_potato",
						"count": 64
                    }
                ]
            }
        },
        "potion": {
            "trigger": "minecraft:inventory_changed",
            "conditions": {
                "items": [
                    {
                        "item": "minecraft:potion"
                    }
                ]
            }
        },
        "pufferfish": {
            "trigger": "minecraft:inventory_changed",
            "conditions": {
                "items": [
                    {
                        "item": "minecraft:pufferfish",
						"count": 64
                    }
                ]
            }
        },
        "pumpkin_pie": {
            "trigger": "minecraft:inventory_changed",
            "conditions": {
                "items": [
                    {
                        "item": "minecraft:pumpkin_pie",
						"count": 64
                    }
                ]
            }
        },
        "purple_dye": {
            "trigger": "minecraft:inventory_changed",
            "conditions": {
                "items": [
                    {
                        "item": "minecraft:purple_dye",
						"count": 64
                    }
                ]
            }
        },
        "rabbit_stew": {
            "trigger": "minecraft:inventory_changed",
            "conditions": {
                "items": [
                    {
                        "item": "minecraft:rabbit_stew"
                    }
                ]
            }
        },
        "beef": {
            "trigger": "minecraft:inventory_changed",
            "conditions": {
                "items": [
                    {
                        "item": "minecraft:beef",
						"count": 64
                    }
                ]
            }
        },
        "chicken": {
            "trigger": "minecraft:inventory_changed",
            "conditions": {
                "items": [
                    {
                        "item": "minecraft:chicken",
						"count": 64
                    }
                ]
            }
        },
        "cod": {
            "trigger": "minecraft:inventory_changed",
            "conditions": {
                "items": [
                    {
                        "item": "minecraft:cod",
						"count": 64
                    }
                ]
            }
        },
        "mutton": {
            "trigger": "minecraft:inventory_changed",
            "conditions": {
                "items": [
                    {
                        "item": "minecraft:mutton",
						"count": 64
                    }
                ]
            }
        },
        "porkchop": {
            "trigger": "minecraft:inventory_changed",
            "conditions": {
                "items": [
                    {
                        "item": "minecraft:porkchop",
						"count": 64
                    }
                ]
            }
        },
        "rabbit": {
            "trigger": "minecraft:inventory_changed",
            "conditions": {
                "items": [
                    {
                        "item": "minecraft:rabbit",
						"count": 64
                    }
                ]
            }
        },
        "salmon": {
            "trigger": "minecraft:inventory_changed",
            "conditions": {
                "items": [
                    {
                        "item": "minecraft:salmon",
						"count": 64
                    }
                ]
            }
        },
        "red_dye": {
            "trigger": "minecraft:inventory_changed",
            "conditions": {
                "items": [
                    {
                        "item": "minecraft:red_dye",
						"count": 64
                    }
                ]
            }
        },
        "rotten_flesh": {
            "trigger": "minecraft:inventory_changed",
            "conditions": {
                "items": [
                    {
                        "item": "minecraft:rotten_flesh",
						"count": 64
                    }
                ]
            }
        },
        "saddle": {
            "trigger": "minecraft:inventory_changed",
            "conditions": {
                "items": [
                    {
                        "item": "minecraft:saddle"
                    }
                ]
            }
        },
        "shears": {
            "trigger": "minecraft:inventory_changed",
            "conditions": {
                "items": [
                    {
                        "item": "minecraft:shears"
                    }
                ]
            }
        },
        "shield": {
            "trigger": "minecraft:inventory_changed",
            "conditions": {
                "items": [
                    {
                        "item": "minecraft:shield"
                    }
                ]
            }
        },
        "spectral_arrow": {
            "trigger": "minecraft:inventory_changed",
            "conditions": {
                "items": [
                    {
                        "item": "minecraft:spectral_arrow",
						"count": 64
                    }
                ]
            }
        },
        "spider_eye": {
            "trigger": "minecraft:inventory_changed",
            "conditions": {
                "items": [
                    {
                        "item": "minecraft:spider_eye",
						"count": 64
                    }
                ]
            }
        },
        "cooked_beef": {
            "trigger": "minecraft:inventory_changed",
            "conditions": {
                "items": [
                    {
                        "item": "minecraft:cooked_beef",
						"count": 64
                    }
                ]
            }
        },
        "stone_axe": {
            "trigger": "minecraft:inventory_changed",
            "conditions": {
                "items": [
                    {
                        "item": "minecraft:stone_axe"
                    }
                ]
            }
        },
        "stone_hoe": {
            "trigger": "minecraft:inventory_changed",
            "conditions": {
                "items": [
                    {
                        "item": "minecraft:stone_hoe"
                    }
                ]
            }
        },
        "stone_pickaxe": {
            "trigger": "minecraft:inventory_changed",
            "conditions": {
                "items": [
                    {
                        "item": "minecraft:stone_pickaxe"
                    }
                ]
            }
        },
        "stone_shovel": {
            "trigger": "minecraft:inventory_changed",
            "conditions": {
                "items": [
                    {
                        "item": "minecraft:stone_shovel"
                    }
                ]
            }
        },
        "stone_sword": {
            "trigger": "minecraft:inventory_changed",
            "conditions": {
                "items": [
                    {
                        "item": "minecraft:stone_sword"
                    }
                ]
            }
        },
        "sugar": {
            "trigger": "minecraft:inventory_changed",
            "conditions": {
                "items": [
                    {
                        "item": "minecraft:sugar",
						"count": 64
                    }
                ]
            }
        },
        "suspicious_stew": {
            "trigger": "minecraft:inventory_changed",
            "conditions": {
                "items": [
                    {
                        "item": "minecraft:suspicious_stew"
                    }
                ]
            }
        },
        "tipped_arrow": {
            "trigger": "minecraft:inventory_changed",
            "conditions": {
                "items": [
                    {
                        "item": "minecraft:tipped_arrow",
						"count": 64
                    }
                ]
            }
        },
        "totem_of_undying": {
            "trigger": "minecraft:inventory_changed",
            "conditions": {
                "items": [
                    {
                        "item": "minecraft:totem_of_undying"
                    }
                ]
            }
        },
        "tropical_fish": {
            "trigger": "minecraft:inventory_changed",
            "conditions": {
                "items": [
                    {
                        "item": "minecraft:tropical_fish",
						"count": 64
                    }
                ]
            }
        },
        "turtle_helmet": {
            "trigger": "minecraft:inventory_changed",
            "conditions": {
                "items": [
                    {
                        "item": "minecraft:turtle_helmet"
                    }
                ]
            }
        },
        "wheat": {
            "trigger": "minecraft:inventory_changed",
            "conditions": {
                "items": [
                    {
                        "item": "minecraft:wheat",
						"count": 64
                    }
                ]
            }
        },
        "white_dye": {
            "trigger": "minecraft:inventory_changed",
            "conditions": {
                "items": [
                    {
                        "item": "minecraft:white_dye",
						"count": 64
                    }
                ]
            }
        },
        "wooden_axe": {
            "trigger": "minecraft:inventory_changed",
            "conditions": {
                "items": [
                    {
                        "item": "minecraft:wooden_axe"
                    }
                ]
            }
        },
        "wooden_hoe": {
            "trigger": "minecraft:inventory_changed",
            "conditions": {
                "items": [
                    {
                        "item": "minecraft:wooden_hoe"
                    }
                ]
            }
        },
        "wooden_pickaxe": {
            "trigger": "minecraft:inventory_changed",
            "conditions": {
                "items": [
                    {
                        "item": "minecraft:wooden_pickaxe"
                    }
                ]
            }
        },
        "wooden_shovel": {
            "trigger": "minecraft:inventory_changed",
            "conditions": {
                "items": [
                    {
                        "item": "minecraft:wooden_shovel"
                    }
                ]
            }
        },
        "wooden_sword": {
            "trigger": "minecraft:inventory_changed",
            "conditions": {
                "items": [
                    {
                        "item": "minecraft:wooden_sword"
                    }
                ]
            }
        },		
        "written_book": {
            "trigger": "minecraft:inventory_changed",
            "conditions": {
                "items": [
                    {
                        "item": "minecraft:written_book",
						"count": 16
                    }
                ]
            }
        },
        "yellow_dye": {
            "trigger": "minecraft:inventory_changed",
            "conditions": {
                "items": [
                    {
                        "item": "minecraft:yellow_dye",
						"count": 64
                    }
                ]
            }
        },
        "mojang_banner_pattern": {
            "trigger": "minecraft:inventory_changed",
            "conditions": {
                "items": [
                    {
                        "item": "minecraft:mojang_banner_pattern"
                    }
                ]
            }
        },
        "skull_banner_pattern": {
            "trigger": "minecraft:inventory_changed",
            "conditions": {
                "items": [
                    {
                        "item": "minecraft:skull_banner_pattern"
                    }
                ]
            }
        },
        "creeper_banner_pattern": {
            "trigger": "minecraft:inventory_changed",
            "conditions": {
                "items": [
                    {
                        "item": "minecraft:creeper_banner_pattern"
                    }
                ]
            }
        },
        "globe_banner_pattern": {
            "trigger": "minecraft:inventory_changed",
            "conditions": {
                "items": [
                    {
                        "item": "minecraft:globe_banner_pattern"
                    }
                ]
            }
        },
        "flower_banner_pattern": {
            "trigger": "minecraft:inventory_changed",
            "conditions": {
                "items": [
                    {
                        "item": "minecraft:flower_banner_pattern"
                    }
                ]
            }
        },
        "blaze_powder": {
            "trigger": "minecraft:inventory_changed",
            "conditions": {
                "items": [
                    {
                        "item": "minecraft:blaze_powder",
						"count": 64
                    }
                ]
            }
        },
        "blaze_rod": {
            "trigger": "minecraft:inventory_changed",
            "conditions": {
                "items": [
                    {
                        "item": "minecraft:blaze_rod",
						"count": 64
                    }
                ]
            }
        },
        "book": {
            "trigger": "minecraft:inventory_changed",
            "conditions": {
                "items": [
                    {
                        "item": "minecraft:book",
						"count": 64
                    }
                ]
            }
        },
        "brick": {
            "trigger": "minecraft:inventory_changed",
            "conditions": {
                "items": [
                    {
                        "item": "minecraft:brick",
						"count": 64
                    }
                ]
            }
        },
        "clay_ball": {
            "trigger": "minecraft:inventory_changed",
            "conditions": {
                "items": [
                    {
                        "item": "minecraft:clay_ball",
						"count": 64
                    }
                ]
            }
        },
        "clock": {
            "trigger": "minecraft:inventory_changed",
            "conditions": {
                "items": [
                    {
                        "item": "minecraft:clock",
						"count": 64
                    }
                ]
            }
        },
        "compass": {
            "trigger": "minecraft:inventory_changed",
            "conditions": {
                "items": [
                    {
                        "item": "minecraft:compass",
						"count": 64
                    }
                ]
            }
        },
        "diamond": {
            "trigger": "minecraft:inventory_changed",
            "conditions": {
                "items": [
                    {
                        "item": "minecraft:diamond",
						"count": 64
                    }
                ]
            }
        },
        "dragon_breath": {
            "trigger": "minecraft:inventory_changed",
            "conditions": {
                "items": [
                    {
                        "item": "minecraft:dragon_breath",
						"count": 64
                    }
                ]
            }
        },
        "emerald": {
            "trigger": "minecraft:inventory_changed",
            "conditions": {
                "items": [
                    {
                        "item": "minecraft:emerald",
						"count": 64
                    }
                ]
            }
        },
        "feather": {
            "trigger": "minecraft:inventory_changed",
            "conditions": {
                "items": [
                    {
                        "item": "minecraft:feather",
						"count": 64
                    }
                ]
            }
        },
        "fermented_spider_eye": {
            "trigger": "minecraft:inventory_changed",
            "conditions": {
                "items": [
                    {
                        "item": "minecraft:fermented_spider_eye",
						"count": 64
                    }
                ]
            }
        },
        "firework_star": {
            "trigger": "minecraft:inventory_changed",
            "conditions": {
                "items": [
                    {
                        "item": "minecraft:firework_star",
						"count": 64
                    }
                ]
            }
        },
        "flint": {
            "trigger": "minecraft:inventory_changed",
            "conditions": {
                "items": [
                    {
                        "item": "minecraft:flint",
						"count": 64
                    }
                ]
            }
        },
        "glistering_melon_slice": {
            "trigger": "minecraft:inventory_changed",
            "conditions": {
                "items": [
                    {
                        "item": "minecraft:glistering_melon_slice",
						"count": 64
                    }
                ]
            }
        },
        "glowstone_dust": {
            "trigger": "minecraft:inventory_changed",
            "conditions": {
                "items": [
                    {
                        "item": "minecraft:glowstone_dust",
						"count": 64
                    }
                ]
            }
        },
        "gold_ingot": {
            "trigger": "minecraft:inventory_changed",
            "conditions": {
                "items": [
                    {
                        "item": "minecraft:gold_ingot",
						"count": 64
                    }
                ]
            }
        },
        "gold_nugget": {
            "trigger": "minecraft:inventory_changed",
            "conditions": {
                "items": [
                    {
                        "item": "minecraft:gold_nugget",
						"count": 64
                    }
                ]
            }
        },
        "ghast_tear": {
            "trigger": "minecraft:inventory_changed",
            "conditions": {
                "items": [
                    {
                        "item": "minecraft:ghast_tear",
						"count": 64
                    }
                ]
            }
        },
        "gunpowder": {
            "trigger": "minecraft:inventory_changed",
            "conditions": {
                "items": [
                    {
                        "item": "minecraft:gunpowder",
						"count": 64
                    }
                ]
            }
        },
        "heart_of_the_sea": {
            "trigger": "minecraft:inventory_changed",
            "conditions": {
                "items": [
                    {
                        "item": "minecraft:heart_of_the_sea",
						"count": 64
                    }
                ]
            }
        },
        "iron_ingot": {
            "trigger": "minecraft:inventory_changed",
            "conditions": {
                "items": [
                    {
                        "item": "minecraft:iron_ingot",
						"count": 64
                    }
                ]
            }
        },
        "leather": {
            "trigger": "minecraft:inventory_changed",
            "conditions": {
                "items": [
                    {
                        "item": "minecraft:leather",
						"count": 64
                    }
                ]
            }
        },
        "magma_cream": {
            "trigger": "minecraft:inventory_changed",
            "conditions": {
                "items": [
                    {
                        "item": "minecraft:magma_cream",
						"count": 64
                    }
                ]
            }
        },
        "nautilus_shell": {
            "trigger": "minecraft:inventory_changed",
            "conditions": {
                "items": [
                    {
                        "item": "minecraft:nautilus_shell",
						"count": 64
                    }
                ]
            }
        },
        "nether_brick": {
            "trigger": "minecraft:inventory_changed",
            "conditions": {
                "items": [
                    {
                        "item": "minecraft:nether_brick",
						"count": 64
                    }
                ]
            }
        },
        "quartz": {
            "trigger": "minecraft:inventory_changed",
            "conditions": {
                "items": [
                    {
                        "item": "minecraft:quartz",
						"count": 64
                    }
                ]
            }
        },
        "nether_star": {
            "trigger": "minecraft:inventory_changed",
            "conditions": {
                "items": [
                    {
                        "item": "minecraft:nether_star",
						"count": 64
                    }
                ]
            }
        },
        "paper": {
            "trigger": "minecraft:inventory_changed",
            "conditions": {
                "items": [
                    {
                        "item": "minecraft:paper",
						"count": 64
                    }
                ]
            }
        },
        "phantom_membrane": {
            "trigger": "minecraft:inventory_changed",
            "conditions": {
                "items": [
                    {
                        "item": "minecraft:phantom_membrane",
						"count": 64
                    }
                ]
            }
        },
        "popped_chorus_fruit": {
            "trigger": "minecraft:inventory_changed",
            "conditions": {
                "items": [
                    {
                        "item": "minecraft:popped_chorus_fruit",
						"count": 64
                    }
                ]
            }
        },
        "prismarine_crystals": {
            "trigger": "minecraft:inventory_changed",
            "conditions": {
                "items": [
                    {
                        "item": "minecraft:prismarine_crystals",
						"count": 64
                    }
                ]
            }
        },
        "prismarine_shard": {
            "trigger": "minecraft:inventory_changed",
            "conditions": {
                "items": [
                    {
                        "item": "minecraft:prismarine_shard",
						"count": 64
                    }
                ]
            }
        },
        "rabbit_hide": {
            "trigger": "minecraft:inventory_changed",
            "conditions": {
                "items": [
                    {
                        "item": "minecraft:rabbit_hide",
						"count": 64
                    }
                ]
            }
        },
        "rabbit_foot": {
            "trigger": "minecraft:inventory_changed",
            "conditions": {
                "items": [
                    {
                        "item": "minecraft:rabbit_foot",
						"count": 64
                    }
                ]
            }
        },
        "scute": {
            "trigger": "minecraft:inventory_changed",
            "conditions": {
                "items": [
                    {
                        "item": "minecraft:scute",
						"count": 64
                    }
                ]
            }
        },
        "shulker_shell": {
            "trigger": "minecraft:inventory_changed",
            "conditions": {
                "items": [
                    {
                        "item": "minecraft:shulker_shell",
						"count": 64
                    }
                ]
            }
        },
        "slime_ball": {
            "trigger": "minecraft:inventory_changed",
            "conditions": {
                "items": [
                    {
                        "item": "minecraft:slime_ball",
						"count": 64
                    }
                ]
            }
        },
        "stick": {
            "trigger": "minecraft:inventory_changed",
            "conditions": {
                "items": [
                    {
                        "item": "minecraft:stick",
						"count": 64
                    }
                ]
            }
        },
        "honey_bottle": {
            "trigger": "minecraft:inventory_changed",
            "conditions": {
                "items": [
                    {
                        "item": "minecraft:honey_bottle",
						"count": 16
                    }
                ]
            }
        },
        "honeycomb": {
            "trigger": "minecraft:inventory_changed",
            "conditions": {
                "items": [
                    {
                        "item": "minecraft:honeycomb",
						"count": 64
                    }
                ]
            }
        }
    }
}