{
    "display": {
        "icon": {
            "item": "minecraft:iron_sword"
        },
        "title": {"translate":"MURDERER!"},
        "description": {"translate":"Kill a villager"},
		"hidden": "true"
    },
    "parent": "minecraft:adventure/summon_iron_golem",
    "rewards": {
        "function": "bc_rewards:adventure/murderer"
    },		
    "criteria": {
        "villager": {
            "trigger": "minecraft:player_killed_entity",
            "conditions": {
                "entity": {
                    "type": "villager"
                }
            }
        }
    }
}