{
    "display": {
        "icon": {
            "item": "minecraft:experience_bottle"
        },
        "title": {"translate":"Complete Enchanter"},
        "description": {"translate":"Obtain every enchantment throughout your enchanting career"},
		"frame": "challenge"
    },
    "parent": "blazeandcave:enchanting/fiery",
    "rewards": {
        "experience": 100,	
		"function": "bc_rewards:enchanting/complete_enchanter"
    },			
    "criteria": {
        "protection": {
            "trigger": "minecraft:inventory_changed",
            "conditions": {
				"items": [
					{
						"enchantments": [
							{
								"enchantment": "minecraft:protection"
							}
						]
					}
				]
			}
		},	
        "fire_protection": {
            "trigger": "minecraft:inventory_changed",
            "conditions": {
				"items": [
					{
						"enchantments": [
							{
								"enchantment": "minecraft:fire_protection"
							}
						]
					}
				]
			}
		},
        "feather_falling": {
            "trigger": "minecraft:inventory_changed",
            "conditions": {
				"items": [
					{
						"enchantments": [
							{
								"enchantment": "minecraft:feather_falling"
							}
						]
					}
				]
			}
		},		
        "blast_protection": {
            "trigger": "minecraft:inventory_changed",
            "conditions": {
				"items": [
					{
						"enchantments": [
							{
								"enchantment": "minecraft:blast_protection"
							}
						]
					}
				]
			}
		},
        "projectile_protection": {
            "trigger": "minecraft:inventory_changed",
            "conditions": {
				"items": [
					{
						"enchantments": [
							{
								"enchantment": "minecraft:projectile_protection"
							}
						]
					}
				]
			}
		},
        "blast_protection": {
            "trigger": "minecraft:inventory_changed",
            "conditions": {
				"items": [
					{
						"enchantments": [
							{
								"enchantment": "minecraft:blast_protection"
							}
						]
					}
				]
			}
		},
        "respiration": {
            "trigger": "minecraft:inventory_changed",
            "conditions": {
				"items": [
					{
						"enchantments": [
							{
								"enchantment": "minecraft:respiration"
							}
						]
					}
				]
			}
		},		
        "aqua_affinity": {
            "trigger": "minecraft:inventory_changed",
            "conditions": {
				"items": [
					{
						"enchantments": [
							{
								"enchantment": "minecraft:aqua_affinity"
							}
						]
					}
				]
			}
		},	
        "thorns": {
            "trigger": "minecraft:inventory_changed",
            "conditions": {
				"items": [
					{
						"enchantments": [
							{
								"enchantment": "minecraft:thorns"
							}
						]
					}
				]
			}
		},		
        "depth_strider": {
            "trigger": "minecraft:inventory_changed",
            "conditions": {
				"items": [
					{
						"enchantments": [
							{
								"enchantment": "minecraft:depth_strider"
							}
						]
					}
				]
			}
		},
        "frost_walker": {
            "trigger": "minecraft:inventory_changed",
            "conditions": {
				"items": [
					{
						"enchantments": [
							{
								"enchantment": "minecraft:frost_walker"
							}
						]
					}
				]
			}
		},
        "binding_curse": {
            "trigger": "minecraft:inventory_changed",
            "conditions": {
				"items": [
					{
						"enchantments": [
							{
								"enchantment": "minecraft:binding_curse"
							}
						]
					}
				]
			}
		},
        "sharpness": {
            "trigger": "minecraft:inventory_changed",
            "conditions": {
				"items": [
					{
						"enchantments": [
							{
								"enchantment": "minecraft:sharpness"
							}
						]
					}
				]
			}
		},
        "smite": {
            "trigger": "minecraft:inventory_changed",
            "conditions": {
				"items": [
					{
						"enchantments": [
							{
								"enchantment": "minecraft:smite"
							}
						]
					}
				]
			}
		},
        "bane_of_arthropods": {
            "trigger": "minecraft:inventory_changed",
            "conditions": {
				"items": [
					{
						"enchantments": [
							{
								"enchantment": "minecraft:bane_of_arthropods"
							}
						]
					}
				]
			}
		},
        "knockback": {
            "trigger": "minecraft:inventory_changed",
            "conditions": {
				"items": [
					{
						"enchantments": [
							{
								"enchantment": "minecraft:knockback"
							}
						]
					}
				]
			}
		},
        "fire_aspect": {
            "trigger": "minecraft:inventory_changed",
            "conditions": {
				"items": [
					{
						"enchantments": [
							{
								"enchantment": "minecraft:fire_aspect"
							}
						]
					}
				]
			}
		},
        "looting": {
            "trigger": "minecraft:inventory_changed",
            "conditions": {
				"items": [
					{
						"enchantments": [
							{
								"enchantment": "minecraft:looting"
							}
						]
					}
				]
			}
		},
        "sweeping": {
            "trigger": "minecraft:inventory_changed",
            "conditions": {
				"items": [
					{
						"enchantments": [
							{
								"enchantment": "minecraft:sweeping"
							}
						]
					}
				]
			}
		},
        "efficiency": {
            "trigger": "minecraft:inventory_changed",
            "conditions": {
				"items": [
					{
						"enchantments": [
							{
								"enchantment": "minecraft:efficiency"
							}
						]
					}
				]
			}
		},
        "silk_touch": {
            "trigger": "minecraft:inventory_changed",
            "conditions": {
				"items": [
					{
						"enchantments": [
							{
								"enchantment": "minecraft:silk_touch"
							}
						]
					}
				]
			}
		},
        "unbreaking": {
            "trigger": "minecraft:inventory_changed",
            "conditions": {
				"items": [
					{
						"enchantments": [
							{
								"enchantment": "minecraft:unbreaking"
							}
						]
					}
				]
			}
		},
        "fortune": {
            "trigger": "minecraft:inventory_changed",
            "conditions": {
				"items": [
					{
						"enchantments": [
							{
								"enchantment": "minecraft:fortune"
							}
						]
					}
				]
			}
		},
        "power": {
            "trigger": "minecraft:inventory_changed",
            "conditions": {
				"items": [
					{
						"enchantments": [
							{
								"enchantment": "minecraft:power"
							}
						]
					}
				]
			}
		},
        "punch": {
            "trigger": "minecraft:inventory_changed",
            "conditions": {
				"items": [
					{
						"enchantments": [
							{
								"enchantment": "minecraft:punch"
							}
						]
					}
				]
			}
		},
        "flame": {
            "trigger": "minecraft:inventory_changed",
            "conditions": {
				"items": [
					{
						"enchantments": [
							{
								"enchantment": "minecraft:flame"
							}
						]
					}
				]
			}
		},
        "infinity": {
            "trigger": "minecraft:inventory_changed",
            "conditions": {
				"items": [
					{
						"enchantments": [
							{
								"enchantment": "minecraft:infinity"
							}
						]
					}
				]
			}
		},
        "luck_of_the_sea": {
            "trigger": "minecraft:inventory_changed",
            "conditions": {
				"items": [
					{
						"enchantments": [
							{
								"enchantment": "minecraft:luck_of_the_sea"
							}
						]
					}
				]
			}
		},
        "lure": {
            "trigger": "minecraft:inventory_changed",
            "conditions": {
				"items": [
					{
						"enchantments": [
							{
								"enchantment": "minecraft:lure"
							}
						]
					}
				]
			}
		},
        "mending": {
            "trigger": "minecraft:inventory_changed",
            "conditions": {
				"items": [
					{
						"enchantments": [
							{
								"enchantment": "minecraft:mending"
							}
						]
					}
				]
			}
		},
        "vanishing_curse": {
            "trigger": "minecraft:inventory_changed",
            "conditions": {
				"items": [
					{
						"enchantments": [
							{
								"enchantment": "minecraft:vanishing_curse"
							}
						]
					}
				]
			}
		},
        "loyalty": {
            "trigger": "minecraft:inventory_changed",
            "conditions": {
				"items": [
					{
						"enchantments": [
							{
								"enchantment": "minecraft:loyalty"
							}
						]
					}
				]
			}
		},
        "riptide": {
            "trigger": "minecraft:inventory_changed",
            "conditions": {
				"items": [
					{
						"enchantments": [
							{
								"enchantment": "minecraft:riptide"
							}
						]
					}
				]
			}
		},
        "impaling": {
            "trigger": "minecraft:inventory_changed",
            "conditions": {
				"items": [
					{
						"enchantments": [
							{
								"enchantment": "minecraft:impaling"
							}
						]
					}
				]
			}
		},
        "channeling": {
            "trigger": "minecraft:inventory_changed",
            "conditions": {
				"items": [
					{
						"enchantments": [
							{
								"enchantment": "minecraft:channeling"
							}
						]
					}
				]
			}
		},
        "quick_charge": {
            "trigger": "minecraft:inventory_changed",
            "conditions": {
				"items": [
					{
						"enchantments": [
							{
								"enchantment": "minecraft:quick_charge"
							}
						]
					}
				]
			}
		},
        "piercing": {
            "trigger": "minecraft:inventory_changed",
            "conditions": {
				"items": [
					{
						"enchantments": [
							{
								"enchantment": "minecraft:piercing"
							}
						]
					}
				]
			}
		},
        "multishot": {
            "trigger": "minecraft:inventory_changed",
            "conditions": {
				"items": [
					{
						"enchantments": [
							{
								"enchantment": "minecraft:multishot"
							}
						]
					}
				]
			}
		}		
    }
}