{
    "display": {
        "icon": {
            "item": "minecraft:melon"
        },
        "title": {"translate":"Scientific Inaccuracy"},
        "description": {"translate":"Craft 9 melon slices back into a block that, when broken, will probably not give you all 9 slices back"}
    },
    "parent": "blazeandcave:farming/the_melon_the_melon_the_melon",
	"rewards": {
		"function": "bc_rewards:farming/scientific_inaccuracy"
    },		
    "criteria": {
        "melon_block": {
            "trigger": "minecraft:inventory_changed",
            "conditions": {
                "items": [
                    {
                        "item": "minecraft:melon"
                    }
                ]
            }
        }
    }
}