{
    "display": {
        "icon": {
            "item": "minecraft:dried_kelp_block"
        },
        "title": {"translate":"Undersea Gardener"},
        "description": {"translate":"Craft a stack of dried kelp blocks"},
		"frame": "goal"
    },
    "parent": "blazeandcave:farming/aquatic_biofuel",
    "rewards": {
		"experience": 50,
		"function": "bc_rewards:farming/undersea_gardener"
    },		
    "criteria": {
        "dried_kelp_block": {
            "trigger": "minecraft:inventory_changed",
            "conditions": {
                "items": [
                    {
                        "item": "minecraft:dried_kelp_block",
						"count": 64
                    }
                ]
            }
        }		
    }	
}