{
    "display": {
        "icon": {
            "item": "minecraft:writable_book"
        },
        "title": {"translate":"Write your thoughts"},
        "description": {"translate":"Use a book, ink and a feather to craft a book and quill"}
    },
    "parent": "blazeandcave:farming/its_full_of_ink",
	"rewards": {
		"function": "bc_rewards:farming/write_your_thoughts"
    },		
    "criteria": {
        "writable_book": {
            "trigger": "minecraft:inventory_changed",
            "conditions": {
                "items": [
                    {
                        "item": "minecraft:writable_book"
                    }
                ]
            }
        }
    }
}