{
    "display": {
        "icon": {
            "item": "minecraft:sandstone_wall"
        },
        "title": {"translate":"Crazy Walls"},
        "description": {"translate":"Craft every type of wall"},
		"frame": "goal"
    },
    "parent": "blazeandcave:building/the_walls",
    "rewards": {
        "function": "bc_rewards:building/crazy_walls"
    },		
    "criteria": {
        "cobblestone_wall": {
            "trigger": "minecraft:inventory_changed",
            "conditions": {
                "items": [
                    {
                        "item": "minecraft:cobblestone_wall"
                    }
                ]
            }
        },
        "mossy_cobblestone_wall": {
            "trigger": "minecraft:inventory_changed",
            "conditions": {
                "items": [
                    {
                        "item": "minecraft:mossy_cobblestone_wall"
                    }
                ]
            }
        },
		"brick_wall": {
            "trigger": "minecraft:inventory_changed",
            "conditions": {
                "items": [
                    {
                        "item": "minecraft:brick_wall"
                    }
                ]
            }
        },
        "prismarine_wall": {
            "trigger": "minecraft:inventory_changed",
            "conditions": {
                "items": [
                    {
                        "item": "minecraft:prismarine_wall"
                    }
                ]
            }
        },
        "red_sandstone_wall": {
            "trigger": "minecraft:inventory_changed",
            "conditions": {
                "items": [
                    {
                        "item": "minecraft:red_sandstone_wall"
                    }
                ]
            }
        },
        "mossy_stone_brick_wall": {
            "trigger": "minecraft:inventory_changed",
            "conditions": {
                "items": [
                    {
                        "item": "minecraft:mossy_stone_brick_wall"
                    }
                ]
            }
        },
        "granite_wall": {
            "trigger": "minecraft:inventory_changed",
            "conditions": {
                "items": [
                    {
                        "item": "minecraft:granite_wall"
                    }
                ]
            }
        },
        "stone_brick_wall": {
            "trigger": "minecraft:inventory_changed",
            "conditions": {
                "items": [
                    {
                        "item": "minecraft:stone_brick_wall"
                    }
                ]
            }
        },
        "nether_brick_wall": {
            "trigger": "minecraft:inventory_changed",
            "conditions": {
                "items": [
                    {
                        "item": "minecraft:nether_brick_wall"
                    }
                ]
            }
        },
        "andesite_wall": {
            "trigger": "minecraft:inventory_changed",
            "conditions": {
                "items": [
                    {
                        "item": "minecraft:andesite_wall"
                    }
                ]
            }
        },
        "red_nether_brick_wall": {
            "trigger": "minecraft:inventory_changed",
            "conditions": {
                "items": [
                    {
                        "item": "minecraft:red_nether_brick_wall"
                    }
                ]
            }
        },
        "sandstone_wall": {
            "trigger": "minecraft:inventory_changed",
            "conditions": {
                "items": [
                    {
                        "item": "minecraft:sandstone_wall"
                    }
                ]
            }
        },
        "end_stone_brick_wall": {
            "trigger": "minecraft:inventory_changed",
            "conditions": {
                "items": [
                    {
                        "item": "minecraft:end_stone_brick_wall"
                    }
                ]
            }
        },
        "diorite_wall": {
            "trigger": "minecraft:inventory_changed",
            "conditions": {
                "items": [
                    {
                        "item": "minecraft:diorite_wall"
                    }
                ]
            }
        }
	}		
}