{
    "display": {
        "icon": {
            "item": "minecraft:red_nether_bricks"
        },
        "title": {"translate":"Fake fortress"},
        "description": {"translate":"Craft or collect all forms of nether brick, red nether brick, and nether wart blocks"}
    },
    "parent": "blazeandcave:building/fake_stronghold",
    "rewards": {
        "function": "bc_rewards:building/fake_fortress"
    },		
    "criteria": {
        "nether_brick": {
            "trigger": "minecraft:inventory_changed",
            "conditions": {
                "items": [
                    {
                        "item": "minecraft:nether_bricks"
                    }
                ]
            }
        },
        "nether_brick_slab": {
            "trigger": "minecraft:inventory_changed",
            "conditions": {
                "items": [
                    {
                        "item": "minecraft:nether_brick_slab"
                    }
                ]
            }
        },
		"nether_brick_stairs": {
            "trigger": "minecraft:inventory_changed",
            "conditions": {
                "items": [
                    {
                        "item": "minecraft:nether_brick_stairs"
                    }
                ]
            }
        },
        "nether_brick_fence": {
            "trigger": "minecraft:inventory_changed",
            "conditions": {
                "items": [
                    {
                        "item": "minecraft:nether_brick_fence"
                    }
                ]
            }
        },
		"red_nether_brick": {
            "trigger": "minecraft:inventory_changed",
            "conditions": {
                "items": [
                    {
                        "item": "minecraft:red_nether_bricks"
                    }
                ]
            }
        },
		"nether_wart_block": {
            "trigger": "minecraft:inventory_changed",
            "conditions": {
                "items": [
                    {
                        "item": "minecraft:nether_wart_block"
                    }
                ]
            }
        }
	}		
}