{
    "display": {
        "icon": {
            "item": "minecraft:grass_path"
        },
        "title": {"translate":"Pathways"},
        "description": {"translate":"Use a shovel to create grass paths"}
    },
    "parent": "blazeandcave:building/root",
	"rewards": {
		"function": "bc_rewards:building/pathways"
    },
    "criteria": {
        "enter_grass_path": {
            "trigger": "minecraft:enter_block",
            "conditions": {
                "block": "minecraft:grass_path"
            }
        }
    }
}