{
    "display": {
        "icon": {
            "item": "minecraft:oak_door"
        },
        "title": {"translate":"Your Door Was Locked"},
        "description": {"translate":"Craft a door to stop monsters from entering your house"}
    },
    "parent": "blazeandcave:building/root",
	"rewards": {
		"function": "bc_rewards:building/your_door_was_locked"
    },		
    "criteria": {
        "oak_door": {
            "trigger": "minecraft:inventory_changed",
            "conditions": {
                "items": [
                    {
                        "item": "minecraft:oak_door"
                    }
                ]
            }
        },
        "spruce_door": {
            "trigger": "minecraft:inventory_changed",
            "conditions": {
                "items": [
                    {
                        "item": "minecraft:spruce_door"
                    }
                ]
            }
        },
        "birch_door": {
            "trigger": "minecraft:inventory_changed",
            "conditions": {
                "items": [
                    {
                        "item": "minecraft:birch_door"
                    }
                ]
            }
        },
        "jungle_door": {
            "trigger": "minecraft:inventory_changed",
            "conditions": {
                "items": [
                    {
                        "item": "minecraft:jungle_door"
                    }
                ]
            }
        },
        "acacia_door": {
            "trigger": "minecraft:inventory_changed",
            "conditions": {
                "items": [
                    {
                        "item": "minecraft:acacia_door"
                    }
                ]
            }
        },
        "dark_oak_door": {
            "trigger": "minecraft:inventory_changed",
            "conditions": {
                "items": [
                    {
                        "item": "minecraft:dark_oak_door"
                    }
                ]
            }
        },
        "iron_door": {
            "trigger": "minecraft:inventory_changed",
            "conditions": {
                "items": [
                    {
                        "item": "minecraft:iron_door"
                    }
                ]
            }
        }		
    },
    "requirements": [
		[
        "oak_door",
        "spruce_door",
		"birch_door",
		"jungle_door",
		"acacia_door",
		"dark_oak_door",
		"iron_door"
		]
    ]	
}