{
    "display": {
        "icon": {
            "item": "minecraft:jukebox"
        },
        "title": {"translate":"Beethoven"},
        "description": {"translate":"Craft a jukebox with planks and a diamond"}
    },
    "parent": "minecraft:story/mine_diamond",
    "rewards": {
		"function": "bc_rewards:mining/beethoven"
    },			
    "criteria": {
        "jukebox": {
            "trigger": "minecraft:inventory_changed",
            "conditions": {
                "items": [
                    {
                        "item": "minecraft:jukebox"
                    }
                ]
            }
        }
    }
}