{
    "display": {
        "icon": {
            "item": "minecraft:blast_furnace"
        },
        "title": {"translate":"Blast it!"},
        "description": {"translate":"Upgrade your furnace to a blast furnace using iron and smooth stone for smelting ores quicker"},
		"frame": "goal"
    },
    "parent": "blazeandcave:mining/smooth_dude",
    "rewards": {
		"function": "bc_rewards:mining/gold_rush"
    },		
    "criteria": {
        "blast_furnace": {
            "trigger": "minecraft:inventory_changed",
            "conditions": {
                "items": [
                    {
                        "item": "minecraft:blast_furnace"
                    }
                ]
            }
        }
    }
}