{
    "display": {
        "icon": {
            "item": "minecraft:cobblestone"
        },
        "title": {"translate":"Chestful of Cobblestone"},
        "description": {"translate":"Mine 1728 cobblestone, place it in a chest, then stand on it in victory"},
		"frame": "goal"
    },
    "parent": "blazeandcave:mining/nananananananana",
	"rewards": {
		"function": "bc_rewards:mining/chestful_of_cobblestone"
    },
    "criteria": {
        "chestful_of_cobblestone": {
            "trigger": "minecraft:impossible"
        }
    }
}