{
    "display": {
        "icon": {
            "item": "minecraft:gold_ingot"
        },
        "title": {"translate":"Gold Rush"},
        "description": {"translate":"Strike gold and smelt it into a gold ingot"}
    },
    "parent": "minecraft:story/iron_tools",
    "rewards": {
		"function": "bc_rewards:mining/gold_rush"
    },		
    "criteria": {
        "gold_ingot": {
            "trigger": "minecraft:inventory_changed",
            "conditions": {
                "items": [
                    {
                        "item": "minecraft:gold_ingot"
                    }
                ]
            }
        }
    }
}