{
    "display": {
        "icon": {
            "item": "minecraft:diamond_pickaxe"
        },
        "title": {"translate":"Iconic Merchandising Prop"},
        "description": {"translate":"Create a pickaxe of the highest calibre"}
    },
    "parent": "minecraft:story/mine_diamond",
    "rewards": {
		"function": "bc_rewards:mining/iconic_merchandising_prop"
    },			
    "criteria": {
        "diamond_pickaxe": {
            "trigger": "minecraft:inventory_changed",
            "conditions": {
                "items": [
                    {
                        "item": "minecraft:diamond_pickaxe"
                    }
                ]
            }
        }
    }
}