{
    "display": {
        "icon": {
            "item": "minecraft:diamond_block"
        },
        "title": {"translate":"Master Diamond Miner"},
        "description": {"translate":"Mine enough diamond to make a stack of diamond blocks"},
		"frame": "challenge"
    },
    "parent": "blazeandcave:mining/mineral_collection",
    "rewards": {
		"function": "bc_rewards:mining/master_diamond_miner"
    },		
    "criteria": {
        "diamond": {
            "trigger": "minecraft:inventory_changed",
            "conditions": {
                "items": [
                    {
                        "item": "minecraft:diamond_block",
						"count": 64
                    }
                ]
            }
        }
    }
}