{
    "display": {
        "icon": {
            "item": "minecraft:flint"
        },
        "title": {"translate":"Meet The Flintstones"},
        "description": {"translate":"Dig up some flint from a patch of gravel"}
    },
    "parent": "blazeandcave:mining/moar_tools",
    "rewards": {	
		"function": "bc_rewards:mining/meet_the_flintstones"
    },		
    "criteria": {
        "flint": {
            "trigger": "minecraft:inventory_changed",
            "conditions": {
                "items": [
                    {
                        "item": "minecraft:flint"
                    }
                ]
            }
        }
    }
}