{
    "display": {
        "icon": {
            "item": "minecraft:shears"
        },
        "title": {"translate":"MOAR Broken Tools"},
        "description": {"translate":"Break every single tool and weapon in the game"},
        "frame": "challenge"
    },
    "parent": "blazeandcave:mining/weve_broken_our_last_shovel",
    "rewards": {
		"function": "bc_rewards:mining/moar_broken_tools",
		"experience": 200
    },		
    "criteria": {
        "wooden_shovel": {
            "trigger": "minecraft:item_durability_changed",
            "conditions": {
				"item": {
					"item": "minecraft:wooden_shovel"
				},
				"durability": {
					"max": 0
				}
            }
        },
        "stone_shovel": {
            "trigger": "minecraft:item_durability_changed",
            "conditions": {
				"item": {
					"item": "minecraft:stone_shovel"
				},
				"durability": {
					"max": 0
				}
            }
        },
        "gold_shovel": {
            "trigger": "minecraft:item_durability_changed",
            "conditions": {
				"item": {
					"item": "minecraft:golden_shovel"
				},
				"durability": {
					"max": 0
				}
            }
        },
        "iron_shovel": {
            "trigger": "minecraft:item_durability_changed",
            "conditions": {
				"item": {
					"item": "minecraft:iron_shovel"
				},
				"durability": {
					"max": 0
				}
            }
        },
        "diamond_shovel": {
            "trigger": "minecraft:item_durability_changed",
            "conditions": {
				"item": {
					"item": "minecraft:diamond_shovel"
				},
				"durability": {
					"max": 0
				}
            }
        },
        "wooden_pickaxe": {
            "trigger": "minecraft:item_durability_changed",
            "conditions": {
				"item": {
					"item": "minecraft:wooden_pickaxe"
				},
				"durability": {
					"max": 0
				}
            }
        },
        "stone_pickaxe": {
            "trigger": "minecraft:item_durability_changed",
            "conditions": {
				"item": {
					"item": "minecraft:stone_pickaxe"
				},
				"durability": {
					"max": 0
				}
            }
        },
        "gold_pickaxe": {
            "trigger": "minecraft:item_durability_changed",
            "conditions": {
				"item": {
					"item": "minecraft:golden_pickaxe"
				},
				"durability": {
					"max": 0
				}
            }
        },
        "iron_pickaxe": {
            "trigger": "minecraft:item_durability_changed",
            "conditions": {
				"item": {
					"item": "minecraft:iron_pickaxe"
				},
				"durability": {
					"max": 0
				}
            }
        },
        "diamond_pickaxe": {
            "trigger": "minecraft:item_durability_changed",
            "conditions": {
				"item": {
					"item": "minecraft:diamond_pickaxe"
				},
				"durability": {
					"max": 0
				}
            }
        },
        "wooden_axe": {
            "trigger": "minecraft:item_durability_changed",
            "conditions": {
				"item": {
					"item": "minecraft:wooden_axe"
				},
				"durability": {
					"max": 0
				}
            }
        },
        "stone_axe": {
            "trigger": "minecraft:item_durability_changed",
            "conditions": {
				"item": {
					"item": "minecraft:stone_axe"
				},
				"durability": {
					"max": 0
				}
            }
        },
        "gold_axe": {
            "trigger": "minecraft:item_durability_changed",
            "conditions": {
				"item": {
					"item": "minecraft:golden_axe"
				},
				"durability": {
					"max": 0
				}
            }
        },
        "iron_axe": {
            "trigger": "minecraft:item_durability_changed",
            "conditions": {
				"item": {
					"item": "minecraft:iron_axe"
				},
				"durability": {
					"max": 0
				}
            }
        },
        "diamond_axe": {
            "trigger": "minecraft:item_durability_changed",
            "conditions": {
				"item": {
					"item": "minecraft:diamond_axe"
				},
				"durability": {
					"max": 0
				}
            }
        },
        "wooden_hoe": {
            "trigger": "minecraft:item_durability_changed",
            "conditions": {
				"item": {
					"item": "minecraft:wooden_hoe"
				},
				"durability": {
					"max": 0
				}
            }
        },
        "stone_hoe": {
            "trigger": "minecraft:item_durability_changed",
            "conditions": {
				"item": {
					"item": "minecraft:stone_hoe"
				},
				"durability": {
					"max": 0
				}
            }
        },
        "gold_hoe": {
            "trigger": "minecraft:item_durability_changed",
            "conditions": {
				"item": {
					"item": "minecraft:golden_hoe"
				},
				"durability": {
					"max": 0
				}
            }
        },
        "iron_hoe": {
            "trigger": "minecraft:item_durability_changed",
            "conditions": {
				"item": {
					"item": "minecraft:iron_hoe"
				},
				"durability": {
					"max": 0
				}
            }
        },
        "diamond_hoe": {
            "trigger": "minecraft:item_durability_changed",
            "conditions": {
				"item": {
					"item": "minecraft:diamond_hoe"
				},
				"durability": {
					"max": 0
				}
            }
        },
        "wooden_sword": {
            "trigger": "minecraft:item_durability_changed",
            "conditions": {
				"item": {
					"item": "minecraft:wooden_sword"
				},
				"durability": {
					"max": 0
				}
            }
        },
        "stone_sword": {
            "trigger": "minecraft:item_durability_changed",
            "conditions": {
				"item": {
					"item": "minecraft:stone_sword"
				},
				"durability": {
					"max": 0
				}
            }
        },
        "gold_sword": {
            "trigger": "minecraft:item_durability_changed",
            "conditions": {
				"item": {
					"item": "minecraft:golden_sword"
				},
				"durability": {
					"max": 0
				}
            }
        },
        "iron_sword": {
            "trigger": "minecraft:item_durability_changed",
            "conditions": {
				"item": {
					"item": "minecraft:iron_sword"
				},
				"durability": {
					"max": 0
				}
            }
        },
        "diamond_sword": {
            "trigger": "minecraft:item_durability_changed",
            "conditions": {
				"item": {
					"item": "minecraft:diamond_sword"
				},
				"durability": {
					"max": 0
				}
            }
        },
        "fishing_rod": {
            "trigger": "minecraft:item_durability_changed",
            "conditions": {
				"item": {
					"item": "minecraft:fishing_rod"
				},
				"durability": {
					"max": 0
				}
            }
        },
        "bow": {
            "trigger": "minecraft:item_durability_changed",
            "conditions": {
				"item": {
					"item": "minecraft:bow"
				},
				"durability": {
					"max": 0
				}
            }
        },
        "shield": {
            "trigger": "minecraft:item_durability_changed",
            "conditions": {
				"item": {
					"item": "minecraft:shield"
				},
				"durability": {
					"max": 0
				}
            }
        },
        "trident": {
            "trigger": "minecraft:item_durability_changed",
            "conditions": {
				"item": {
					"item": "minecraft:trident"
				},
				"durability": {
					"max": 0
				}
            }
        },
        "crossbow": {
            "trigger": "minecraft:item_durability_changed",
            "conditions": {
				"item": {
					"item": "minecraft:crossbow"
				},
				"durability": {
					"max": 0
				}
            }
        },
        "carrot_on_a_stick": {
            "trigger": "minecraft:item_durability_changed",
            "conditions": {
				"item": {
					"item": "minecraft:carrot_on_a_stick"
				},
				"durability": {
					"max": 0
				}
            }
        }
    }
}