{
    "display": {
        "icon": {
            "item": "minecraft:stick"
        },
        "title": {"translate":"Aww it broke!"},
        "description": {"translate":"Break your first tool"},
		"hidden": "true"
    },
    "parent": "minecraft:story/mine_stone",
    "rewards": {
		"function": "bc_rewards:mining/oh_noes"
    },		
    "criteria": {
        "break_tool": {
            "trigger": "minecraft:item_durability_changed",
            "conditions": {
				"durability": {
					"max": 0
				}
            }
        }
    }
}