{
    "display": {
        "icon": {
            "item": "minecraft:player_head",
			"nbt": "{SkullOwner:\"MHF_Enderman\"}"
        },
        "title": {"translate":"The Actual End"},
        "description": {"translate":"Get killed by an Enderman in The End"},
		"hidden": "true"
    },
    "parent": "minecraft:end/kill_dragon",
    "rewards": {
        "function": "bc_rewards:end/the_actual_end"
    },		
    "criteria": {
        "enderman": {
            "trigger": "minecraft:entity_killed_player",
            "conditions": {
                "entity": {
                    "type": "enderman",
					"location": {
						"dimension": "the_end"
					}
                }
            }
        }
    }
}